epoch,train_loss_mean,val_loss,learning_rate,val_map50,val_map50_95,selection_metric,selection_value,is_best,elapsed_seconds,images_seen,images_trained,images_skipped
1,2.199755197763443,1.7469069560368855,0.001,0.0,0.0,val_map_50_95,0.0,true,58.49842206761241,320,320,0
2,1.6702082395553588,1.4629318714141846,0.001,0.019801980198019802,0.008181344450234497,val_map_50_95,0.008181344450234497,true,75.71540294960141,320,320,0
3,1.4553344249725342,1.2860326766967773,0.001,0.609577128070019,0.20819896548574982,val_map_50_95,0.20819896548574982,true,92.43639354035258,320,320,0
4,1.2347458362579347,1.0573409795761108,0.001,0.7875804669825277,0.3501740414254606,val_map_50_95,0.3501740414254606,true,108.70241175591946,320,320,0
5,1.0879111737012863,0.9234548409779867,0.001,0.841169441053847,0.43092810851711427,val_map_50_95,0.43092810851711427,true,125.41238111630082,320,320,0
6,0.982461827993393,0.8583266139030457,0.001,0.8793521661490716,0.46441646110978657,val_map_50_95,0.46441646110978657,true,141.15816263481975,320,320,0
7,0.8953937739133835,0.7965208490689596,0.001,0.8932619353127274,0.4837730855054865,val_map_50_95,0.4837730855054865,true,156.92038513720036,320,320,0
8,0.8643810957670212,0.7448078592618307,0.001,0.9179465704597742,0.5260936050130155,val_map_50_95,0.5260936050130155,true,173.28549698367715,320,320,0
9,0.8289667755365372,0.7400302092234293,0.001,0.9194285386315049,0.5315849209536802,val_map_50_95,0.5315849209536802,true,188.896059256047,320,320,0
10,0.796439990401268,0.7161421179771423,0.001,0.9304352212099507,0.5411592495650651,val_map_50_95,0.5411592495650651,true,204.6227489709854,320,320,0
11,0.7903278052806855,0.6834988395373026,0.001,0.9316605062807298,0.550746782430778,val_map_50_95,0.550746782430778,true,220.80839382857084,320,320,0
12,0.7721894681453705,0.6763924360275269,0.001,0.9331837905861416,0.5521388698451216,val_map_50_95,0.5521388698451216,true,236.45245456695557,320,320,0
13,0.7366599321365357,0.6624980966250101,0.001,0.9422322434650413,0.5737896539892274,val_map_50_95,0.5737896539892274,true,252.1701607890427,320,320,0
14,0.7410980135202407,0.6524097720781962,0.001,0.9437557345069656,0.5758160283849174,val_map_50_95,0.5758160283849174,true,267.6584065966308,320,320,0
15,0.7312086343765258,0.6284202138582865,0.001,0.9441944456096056,0.5710447396878275,val_map_50_95,0.5710447396878275,false,281.91539692506194,320,320,0
16,0.7514148145914078,0.6518743634223938,0.001,0.9425813359598704,0.5613017980148873,val_map_50_95,0.5613017980148873,false,297.02943339571357,320,320,0
17,0.7181736797094345,0.6348785758018494,0.001,0.9437119647808679,0.574549739910038,val_map_50_95,0.574549739910038,false,311.4844535589218,320,320,0
18,0.7218240201473236,0.6230779687563578,0.001,0.9438729190700393,0.5814696811749887,val_map_50_95,0.5814696811749887,true,327.60940423607826,320,320,0
19,0.7211329817771912,0.6513608892758688,0.001,0.9534214666851015,0.5540704599964613,val_map_50_95,0.5540704599964613,false,344.0793977826834,320,320,0
20,0.7060146123170853,0.5977304975191752,0.001,0.9451947294220623,0.592351773532711,val_map_50_95,0.592351773532711,true,359.955383118242,320,320,0
21,0.6894336968660355,0.6094175378481547,0.001,0.9549264622111391,0.593626563745005,val_map_50_95,0.593626563745005,true,378.20641128718853,320,320,0
22,0.6810353100299835,0.6080457170804342,0.001,0.944699353708958,0.5804267378229336,val_map_50_95,0.5804267378229336,false,395.1275788843632,320,320,0
23,0.6793070912361145,0.590521494547526,0.001,0.954862632588537,0.6034035160176073,val_map_50_95,0.6034035160176073,true,410.76942817121744,320,320,0
24,0.6730815976858139,0.5933669408162435,0.001,0.9552604206312274,0.5962229443833627,val_map_50_95,0.5962229443833627,false,425.2643873244524,320,320,0
25,0.6827627122402191,0.5988892912864685,0.001,0.9550652047996826,0.5923796584929735,val_map_50_95,0.5923796584929735,false,439.6513890773058,320,320,0
26,0.6687452316284179,0.5973661144574484,0.001,0.9457080822508928,0.5918230535583425,val_map_50_95,0.5918230535583425,false,453.98437620699406,320,320,0
27,0.6556758284568787,0.5881310105323792,0.001,0.9553205400905281,0.5946998496532948,val_map_50_95,0.5946998496532948,false,470.26851569861174,320,320,0
28,0.6503053665161133,0.5803448657194773,0.001,0.9560289237284635,0.6022161934491119,val_map_50_95,0.6022161934491119,false,485.9025516733527,320,320,0
29,0.6626333862543106,0.5903531710306803,0.001,0.9553059021118995,0.5918609740092113,val_map_50_95,0.5918609740092113,false,500.3594306781888,320,320,0
30,0.6758631706237793,0.5808366338411967,0.001,0.9550698268917318,0.5942286536097486,val_map_50_95,0.5942286536097486,false,514.7573909759521,320,320,0
31,0.6470269948244095,0.5807114442189535,0.001,0.9557654843838244,0.598893618956197,val_map_50_95,0.598893618956197,false,529.6634526886046,320,320,0
32,0.6697044730186462,0.58094455798467,0.001,0.9554724368137921,0.5938612567105644,val_map_50_95,0.5938612567105644,false,544.0124364234507,320,320,0
33,0.6504494279623032,0.6221287250518799,0.001,0.9553987819858539,0.5419990046510411,val_map_50_95,0.5419990046510411,false,558.3918079212308,320,320,0
34,0.6524714976549149,0.5570107797781626,0.001,0.9566970642132248,0.6110407932920675,val_map_50_95,0.6110407932920675,true,574.0664397887886,320,320,0
35,0.6360342055559158,0.564017117023468,0.001,0.9557767260048443,0.6054670398295583,val_map_50_95,0.6054670398295583,false,588.3034122176468,320,320,0
36,0.6238366350531578,0.5548739830652872,0.001,0.956258173198492,0.611416558157292,val_map_50_95,0.611416558157292,true,604.1411956138909,320,320,0
37,0.641589492559433,0.5616905887921652,0.001,0.9558262013734543,0.6146634350211853,val_map_50_95,0.6146634350211853,true,619.7374507710338,320,320,0
38,0.6338237166404724,0.5470554828643799,0.001,0.9566259434072728,0.6187325937694366,val_map_50_95,0.6187325937694366,true,638.352413892746,320,320,0
39,0.6285535275936127,0.5486031274000803,0.001,0.956603864714387,0.6206647008652292,val_map_50_95,0.6206647008652292,true,654.2533939294517,320,320,0
40,0.6274154573678971,0.5455751419067383,0.001,0.9567075426773155,0.6181987650236633,val_map_50_95,0.6181987650236633,false,668.8474841453135,320,320,0
41,0.6221763879060745,0.5701173345247904,0.001,0.9568007860452661,0.6058718844264388,val_map_50_95,0.6058718844264388,false,683.0643893741071,320,320,0
42,0.6369569808244705,0.5609157482782999,0.001,0.9565941009071925,0.6078085030740957,val_map_50_95,0.6078085030740957,false,701.8659284636378,320,320,0
43,0.6268070816993714,0.5693626900513967,0.001,0.9559108954834755,0.5922109547410479,val_map_50_95,0.5922109547410479,false,716.4973767474294,320,320,0
44,0.629380515217781,0.5543170770009359,0.001,0.9562683217004149,0.6098457830413844,val_map_50_95,0.6098457830413844,false,730.8863894380629,320,320,0
45,0.6223293721675873,0.5453685720761617,0.001,0.9564726643446629,0.6183150001039011,val_map_50_95,0.6183150001039011,false,745.1667078696191,320,320,0
46,0.6093848317861557,0.5415787696838379,0.001,0.9665883604751486,0.6309869888264675,val_map_50_95,0.6309869888264675,true,760.8163819313049,320,320,0
47,0.6135497450828552,0.5525966286659241,0.001,0.9562416091296708,0.6083869312469556,val_map_50_95,0.6083869312469556,false,775.4264202751219,320,320,0
48,0.6166803032159806,0.5232362747192383,0.001,0.9666489662978687,0.6316565957674679,val_map_50_95,0.6316565957674679,true,791.1614087820053,320,320,0
49,0.6249531269073486,0.5338873863220215,0.001,0.9658982958168535,0.6167850214593489,val_map_50_95,0.6167850214593489,false,805.4303866438568,320,320,0
50,0.6016755387187004,0.5401468674341837,0.001,0.9661963315996283,0.6223742215339649,val_map_50_95,0.6223742215339649,false,819.6274106130004,320,320,0
51,0.6132254153490067,0.540553609530131,0.001,0.9566604474581488,0.626730669472804,val_map_50_95,0.626730669472804,false,834.0915042757988,320,320,0
52,0.6240344315767288,0.5660046438376108,0.001,0.9659423841500113,0.5983854678121817,val_map_50_95,0.5983854678121817,false,849.7904443256557,320,320,0
53,0.6090499818325043,0.5327070653438568,0.001,0.9670507396612822,0.6375608503355392,val_map_50_95,0.6375608503355392,true,865.1863933950663,320,320,0
54,0.6087057530879975,0.5731467405954996,0.001,0.9660099046770542,0.5831505410192307,val_map_50_95,0.5831505410192307,false,879.5913989245892,320,320,0
55,0.6090125918388367,0.5205830335617065,0.001,0.9659464878064106,0.6273138570016286,val_map_50_95,0.6273138570016286,false,893.8374171257019,320,320,0
56,0.5948163330554962,0.5264111161231995,0.001,0.9665193399770371,0.6390614797009408,val_map_50_95,0.6390614797009408,true,909.405440043658,320,320,0
57,0.6146623387932777,0.549065371354421,0.001,0.9566928884956848,0.6005142661693234,val_map_50_95,0.6005142661693234,false,923.6974363476038,320,320,0
58,0.6066010355949402,0.5410606265068054,0.001,0.9663228879094652,0.616217445177261,val_map_50_95,0.616217445177261,false,939.4024321250618,320,320,0
59,0.6034641593694687,0.5201592842737833,0.001,0.9667522904119771,0.6278177517954461,val_map_50_95,0.6278177517954461,false,953.6965056918561,320,320,0
60,0.6103850960731506,0.5465724567572275,0.001,0.9661667124669703,0.602012918029352,val_map_50_95,0.602012918029352,false,968.124551165849,320,320,0
61,0.5899868607521057,0.525014321009318,0.001,0.9667370885459562,0.6227350867382775,val_map_50_95,0.6227350867382775,false,982.5487915575504,320,320,0
62,0.5821100562810898,0.5109569231669108,0.001,0.9673031965509513,0.6380434837136512,val_map_50_95,0.6380434837136512,false,997.1394833773375,320,320,0
63,0.60007064640522,0.5911464691162109,0.001,0.9656265757219649,0.5364469359044206,val_map_50_95,0.5364469359044206,false,1011.3421120047569,320,320,0
64,0.6166471511125564,0.5355710883935293,0.001,0.9661669547590089,0.6221780028826072,val_map_50_95,0.6221780028826072,false,1025.5584007762372,320,320,0
65,0.6088727056980133,0.5186799863974253,0.001,0.9666378366713076,0.6379374897327981,val_map_50_95,0.6379374897327981,false,1040.1014567650855,320,320,0
66,0.6036152571439743,0.5219828685124716,0.001,0.966548229448658,0.6234481760165914,val_map_50_95,0.6234481760165914,false,1054.408769659698,320,320,0
67,0.5890234589576722,0.5162857373555502,0.001,0.957252093571513,0.6339136967827408,val_map_50_95,0.6339136967827408,false,1070.5328784883022,320,320,0
68,0.5952856063842773,0.5167388021945953,0.001,0.9670028035551169,0.6375582226607628,val_map_50_95,0.6375582226607628,false,1084.7924139723182,320,320,0
69,0.5775565356016159,0.5364183982213339,0.001,0.9664316308328685,0.6039382751425566,val_map_50_95,0.6039382751425566,false,1098.9424147158861,320,320,0
70,0.5895992189645767,0.5611778597036997,0.001,0.9660154521282713,0.5785427451229437,val_map_50_95,0.5785427451229437,false,1113.292390678078,320,320,0
71,0.5755658715963363,0.5374646186828613,0.001,0.9661152782724649,0.6037597908620339,val_map_50_95,0.6037597908620339,false,1128.2760059982538,320,320,0
72,0.5924610882997513,0.5184537768363953,0.001,0.9669479309537454,0.6247373045222062,val_map_50_95,0.6247373045222062,false,1142.5474607683718,320,320,0
73,0.5921226933598518,0.5464209218819936,0.001,0.9661111407677674,0.5953706299820279,val_map_50_95,0.5953706299820279,false,1161.3237995021045,320,320,0
74,0.5916456401348114,0.5680250525474548,0.001,0.9659985546180192,0.5812291201401579,val_map_50_95,0.5812291201401579,false,1177.5724645406008,320,320,0
75,0.5876304984092713,0.5011799037456512,0.001,0.9664314072282739,0.631839770990296,val_map_50_95,0.631839770990296,false,1198.2463066764176,320,320,0
76,0.5848338037729264,0.5176780025164286,0.001,0.9666673839799678,0.6248082799619393,val_map_50_95,0.6248082799619393,false,1212.770396258682,320,320,0
77,0.5817527532577514,0.5264120995998383,0.001,0.9667945575560255,0.616406213169073,val_map_50_95,0.616406213169073,false,1227.0762963555753,320,320,0
78,0.5782173618674278,0.5066976149876913,0.001,0.9667602903059914,0.6480900066046483,val_map_50_95,0.6480900066046483,true,1242.8427927456796,320,320,0
79,0.5699978798627854,0.501436193784078,0.001,0.966829568438997,0.6396360573131337,val_map_50_95,0.6396360573131337,false,1257.0248088277876,320,320,0
80,0.5640314072370529,0.5225642025470734,0.001,0.9670867197430344,0.6255304101537201,val_map_50_95,0.6255304101537201,false,1271.196471452713,320,320,0
81,0.5886135667562484,0.5046125253041586,0.001,0.9668386728676897,0.6484621110906575,val_map_50_95,0.6484621110906575,true,1286.8933502659202,320,320,0
82,0.559807512164116,0.5099740624427795,0.001,0.9668044960050542,0.6361045422915211,val_map_50_95,0.6361045422915211,false,1301.1667131483555,320,320,0
83,0.5624030187726021,0.5264821549256643,0.001,0.966819340333213,0.6164271728218378,val_map_50_95,0.6164271728218378,false,1315.3123985789716,320,320,0
84,0.5874033540487289,0.525156577428182,0.001,0.9663080839470368,0.617501170224623,val_map_50_95,0.617501170224623,false,1329.6733849719167,320,320,0
85,0.576870122551918,0.532790998617808,0.001,0.9666176248670942,0.6099353248205135,val_map_50_95,0.6099353248205135,false,1345.7714642323554,320,320,0
86,0.5761717513203621,0.515975683927536,0.001,0.9665193759824169,0.6250528242100764,val_map_50_95,0.6250528242100764,false,1360.185547798872,320,320,0
87,0.5763750180602074,0.5275164544582367,0.001,0.966146593916848,0.61360291218331,val_map_50_95,0.61360291218331,false,1374.4483840838075,320,320,0
88,0.5812348753213883,0.5048654675483704,0.001,0.9671429703979169,0.640125808159091,val_map_50_95,0.640125808159091,false,1388.6219206042588,320,320,0
89,0.5579621255397796,0.49859227736790973,0.001,0.9671323689574802,0.6485346075409281,val_map_50_95,0.6485346075409281,true,1404.3029458411038,320,320,0
90,0.5830733299255371,0.524897555510203,0.001,0.9666217116587349,0.6100433266806734,val_map_50_95,0.6100433266806734,false,1418.7669053301215,320,320,0
91,0.5732606828212738,0.5410672227541605,0.001,0.9666320596633082,0.5947377450153626,val_map_50_95,0.5947377450153626,false,1433.0914563685656,320,320,0
92,0.5827754646539688,0.5094407697518667,0.001,0.9672430350314332,0.6310397633416677,val_map_50_95,0.6310397633416677,false,1447.445522107184,320,320,0
93,0.578701052069664,0.49678346514701843,0.001,0.9671057051053894,0.6493483001020721,val_map_50_95,0.6493483001020721,true,1463.110626541078,320,320,0
94,0.5689876079559326,0.5049225489298502,0.001,0.9670999260565859,0.6351741972350458,val_map_50_95,0.6351741972350458,false,1479.1015032678843,320,320,0
95,0.5615721747279168,0.5136586427688599,0.001,0.9666941465032537,0.6259583197089617,val_map_50_95,0.6259583197089617,false,1493.441580221057,320,320,0
96,0.5831040114164352,0.5084888736406962,0.001,0.9669772957689801,0.6378512431870347,val_map_50_95,0.6378512431870347,false,1507.900629568845,320,320,0
97,0.5496053174138069,0.4897079070409139,0.001,0.9672165281410988,0.6516274558913654,val_map_50_95,0.6516274558913654,true,1523.599785964936,320,320,0
98,0.5455096364021301,0.50084587931633,0.001,0.967121518209942,0.6482266921319032,val_map_50_95,0.6482266921319032,false,1537.8888567090034,320,320,0
99,0.5658987298607826,0.5152365267276764,0.001,0.9667324417325504,0.6207666708299991,val_map_50_95,0.6207666708299991,false,1561.050462309271,320,320,0
100,0.5697227418422699,0.4999554554621379,0.001,0.9675081078081145,0.6407086203916699,val_map_50_95,0.6407086203916699,false,1575.3346564359963,320,320,0
101,0.5715923383831978,0.48599658409754437,0.001,0.9673928066412839,0.6470692077121896,val_map_50_95,0.6470692077121896,false,1589.4484570994973,320,320,0
102,0.5673644229769707,0.5033209721247355,0.001,0.9663128636977628,0.6307989979096718,val_map_50_95,0.6307989979096718,false,1603.932530168444,320,320,0
103,0.5540824681520462,0.4991345504919688,0.001,0.9670240085540741,0.6453059742082871,val_map_50_95,0.6453059742082871,false,1618.5364061780274,320,320,0
104,0.5529499873518944,0.4973299503326416,0.001,0.967132515691579,0.6469682340820146,val_map_50_95,0.6469682340820146,false,1633.0588224381208,320,320,0
105,0.5637120515108108,0.4953741530577342,0.001,0.9669927878046363,0.6400714399233383,val_map_50_95,0.6400714399233383,false,1647.4953985884786,320,320,0
106,0.545843942463398,0.5042154292265574,0.001,0.9669654444058174,0.6364853284045646,val_map_50_95,0.6364853284045646,false,1661.9824046231806,320,320,0
107,0.5519488394260407,0.4846201539039612,0.001,0.9669526175853176,0.6509970610237741,val_map_50_95,0.6509970610237741,false,1676.236155062914,320,320,0
108,0.5633877143263817,0.5071548620859782,0.001,0.9672107380496231,0.6447319098032881,val_map_50_95,0.6447319098032881,false,1690.751510526985,320,320,0
109,0.5673613592982292,0.5362526973088583,0.001,0.9668178051060572,0.5961299360905158,val_map_50_95,0.5961299360905158,false,1705.3254143558443,320,320,0
110,0.5351178780198097,0.5074891646703085,0.001,0.9667781044544884,0.6256280906038383,val_map_50_95,0.6256280906038383,false,1721.1014998666942,320,320,0
111,0.5447775691747665,0.4851084152857463,0.001,0.9674389601346944,0.6572756693214472,val_map_50_95,0.6572756693214472,true,1737.4234446808696,320,320,0
112,0.5443184480071068,0.4895065228144328,0.001,0.9673545775763012,0.6520493663703698,val_map_50_95,0.6520493663703698,false,1751.925394050777,320,320,0
113,0.58346506357193,0.48583220442136127,0.001,0.9673011691017208,0.6522847243895814,val_map_50_95,0.6522847243895814,false,1766.3724111057818,320,320,0
114,0.5372948080301285,0.484849750995636,0.001,0.9677208695904606,0.6533856533699525,val_map_50_95,0.6533856533699525,false,1780.948434986174,320,320,0
115,0.5456072151660919,0.4922902584075928,0.001,0.967272162855516,0.6539647107324142,val_map_50_95,0.6539647107324142,false,1795.2563380040228,320,320,0
116,0.5733102291822434,0.4783872365951538,0.001,0.9675050457722097,0.6512567629105717,val_map_50_95,0.6512567629105717,false,1809.59639460966,320,320,0
117,0.5806043893098831,0.49144914746284485,0.001,0.9674832769209062,0.6494394081149439,val_map_50_95,0.6494394081149439,false,1823.9978892840445,320,320,0
118,0.5509338155388832,0.49511289596557617,0.001,0.9671153233829533,0.6307509021487374,val_map_50_95,0.6307509021487374,false,1838.2874302752316,320,320,0
119,0.5402810201048851,0.4848019480705261,0.001,0.967249140122707,0.6657515806365976,val_map_50_95,0.6657515806365976,true,1854.1563916876912,320,320,0
120,0.548231017589569,0.4888252417246501,0.001,0.9670167338862773,0.6542193365867109,val_map_50_95,0.6542193365867109,false,1868.7934284247458,320,320,0
121,0.5542294815182686,0.5259621342023214,0.001,0.9662579256140399,0.6048319214226993,val_map_50_95,0.6048319214226993,false,1883.3333903066814,320,320,0
122,0.5472760245203971,0.480493704477946,0.001,0.9670642528660643,0.6577374147121566,val_map_50_95,0.6577374147121566,false,1898.0123802572489,320,320,0
123,0.5405943229794502,0.49561208486557007,0.001,0.9671984680887042,0.6390138602198978,val_map_50_95,0.6390138602198978,false,1914.392493404448,320,320,0
124,0.5741783976554871,0.48699746529261273,0.001,0.9669182613089786,0.6489082532918207,val_map_50_95,0.6489082532918207,false,1929.51842443645,320,320,0
125,0.5468055829405785,0.4942099650700887,0.001,0.966695823699857,0.6348239616395303,val_map_50_95,0.6348239616395303,false,1943.9124276563525,320,320,0
126,0.5512619629502297,0.4919191102186839,0.001,0.9670164925838374,0.6483305966238778,val_map_50_95,0.6483305966238778,false,1958.532422401011,320,320,0
127,0.5140709623694419,0.49215837319691974,0.001,0.9667871493078815,0.6388223811745432,val_map_50_95,0.6388223811745432,false,1973.2814603634179,320,320,0
128,0.5440778836607933,0.4929950336615245,0.001,0.966845357365128,0.6455992688396318,val_map_50_95,0.6455992688396318,false,1987.8508044220507,320,320,0
129,0.535921397805214,0.47966981927553815,0.001,0.9672900293044687,0.6528615092214545,val_map_50_95,0.6528615092214545,false,2002.1384341306984,320,320,0
130,0.5478832095861434,0.4911998411019643,0.001,0.9668874067348747,0.641698058228043,val_map_50_95,0.641698058228043,false,2017.6764688119292,320,320,0
131,0.525422528386116,0.4904375672340393,0.001,0.9574222634562155,0.64275970509138,val_map_50_95,0.64275970509138,false,2032.1074311174452,320,320,0
132,0.5388782143592834,0.4855312506357829,0.001,0.9669249928376269,0.64732083835763,val_map_50_95,0.64732083835763,false,2046.6684448346496,320,320,0
133,0.5358756735920907,0.4722073972225189,0.001,0.9670787588492608,0.6601599161118764,val_map_50_95,0.6601599161118764,false,2061.1243963837624,320,320,0
134,0.5446872785687447,0.5039024651050568,0.001,0.9672294761606438,0.6282142851744243,val_map_50_95,0.6282142851744243,false,2075.7632945142686,320,320,0
135,0.5275191515684128,0.48934268951416016,0.001,0.9669363991321214,0.6316175545716534,val_map_50_95,0.6316175545716534,false,2090.3654889278114,320,320,0
136,0.5448210343718529,0.48407529791196185,0.001,0.967034850379745,0.6429067615556706,val_map_50_95,0.6429067615556706,false,2104.8613943085074,320,320,0
137,0.5277654230594635,0.5167919794718424,0.001,0.9668747967166308,0.611483045251387,val_map_50_95,0.611483045251387,false,2119.40923987329,320,320,0
138,0.5408507898449898,0.47278136014938354,0.001,0.9671283505385819,0.6618242234701198,val_map_50_95,0.6618242234701198,false,2133.682853616774,320,320,0
139,0.5449224263429642,0.48043258984883624,0.001,0.9675484073480486,0.6598654163231016,val_map_50_95,0.6598654163231016,false,2148.0503879226744,320,320,0
140,0.5479447841644287,0.490272323290507,0.001,0.9666161236503772,0.6373569496966531,val_map_50_95,0.6373569496966531,false,2162.93245369941,320,320,0
141,0.5517786756157875,0.4729224443435669,0.001,0.9668383442992212,0.6559103779202418,val_map_50_95,0.6559103779202418,false,2177.374715283513,320,320,0
142,0.5377375528216362,0.5237309336662292,0.001,0.9668635984303648,0.6058737509513791,val_map_50_95,0.6058737509513791,false,2191.65039858222,320,320,0
143,0.5239092111587524,0.4993157883485158,0.001,0.9672227697364726,0.6301137830908474,val_map_50_95,0.6301137830908474,false,2206.22539556399,320,320,0
144,0.5344220861792565,0.4875624179840088,0.001,0.9669414465081801,0.6368793161264074,val_map_50_95,0.6368793161264074,false,2220.654895644635,320,320,0
145,0.5424760833382607,0.49371570348739624,0.001,0.9670461206458294,0.6440272129792068,val_map_50_95,0.6440272129792068,false,2235.407648012042,320,320,0
146,0.5475417718291282,0.4941153824329376,0.001,0.9668093100606345,0.6363837268771697,val_map_50_95,0.6363837268771697,false,2250.056421376765,320,320,0
147,0.5236808985471726,0.4658621946970622,0.001,0.967348630348905,0.651990302403782,val_map_50_95,0.651990302403782,false,2264.426417052746,320,320,0
148,0.546229399740696,0.5263385971387228,0.001,0.9669338476186462,0.5973337688838484,val_map_50_95,0.5973337688838484,false,2279.104477748275,320,320,0
149,0.5336988538503646,0.48491976658503216,0.001,0.9670950417532417,0.644407270378957,val_map_50_95,0.644407270378957,false,2298.450450759381,320,320,0
150,0.5285463586449624,0.47035791476567584,0.001,0.9670887664232385,0.655647196950287,val_map_50_95,0.655647196950287,false,2312.9104492366314,320,320,0
151,0.5233788937330246,0.49721312522888184,0.001,0.9671365486131529,0.6290305692865258,val_map_50_95,0.6290305692865258,false,2327.2834200821817,320,320,0
152,0.5333217814564705,0.4889800548553467,0.001,0.9670055460923906,0.625030224397534,val_map_50_95,0.625030224397534,false,2341.5903781466186,320,320,0
153,0.5391576051712036,0.5116104284922282,0.001,0.9669627068053551,0.6379594702508558,val_map_50_95,0.6379594702508558,false,2356.5074375271797,320,320,0
154,0.5115632653236389,0.46979156136512756,0.001,0.9674170108406546,0.662093800454277,val_map_50_95,0.662093800454277,false,2371.3114047534764,320,320,0
155,0.510173323750496,0.4721534351507823,0.001,0.9671435669951867,0.6601982762313762,val_map_50_95,0.6601982762313762,false,2385.565468661487,320,320,0
156,0.5454038515686989,0.5141164362430573,0.001,0.9668896438573091,0.6204396425689783,val_map_50_95,0.6204396425689783,false,2399.9135737083852,320,320,0
157,0.5341558516025543,0.4701240261395772,0.001,0.9576520184760999,0.6594833934862422,val_map_50_95,0.6594833934862422,false,2414.0754050835967,320,320,0
158,0.5102185532450676,0.501502255598704,0.001,0.9668841085163976,0.6224617672777607,val_map_50_95,0.6224617672777607,false,2428.5036733075976,320,320,0
159,0.501672075688839,0.4795466363430023,0.001,0.9670256232616865,0.6496350733034724,val_map_50_95,0.6496350733034724,false,2443.1295236200094,320,320,0
160,0.5284535974264145,0.4718535840511322,0.001,0.9676568646077708,0.6601123430536273,val_map_50_95,0.6601123430536273,false,2457.6974319443107,320,320,0
161,0.5186169981956482,0.4844277501106262,0.001,0.9673885830620701,0.6510212021099681,val_map_50_95,0.6510212021099681,false,2472.1473838351667,320,320,0
162,0.5211759015917778,0.4702643056710561,0.001,0.9674208061882177,0.6518913345930921,val_map_50_95,0.6518913345930921,false,2486.5314674265683,320,320,0
163,0.5238728567957878,0.47680047154426575,0.001,0.9672389114992586,0.6513665515458973,val_map_50_95,0.6513665515458973,false,2501.110392935574,320,320,0
164,0.5263211846351623,0.47118913133939105,0.001,0.9675646636778166,0.6659979603020805,val_map_50_95,0.6659979603020805,true,2521.5033030323684,320,320,0
165,0.5286737814545631,0.47621235251426697,0.001,0.9673468304041166,0.6619804455310879,val_map_50_95,0.6619804455310879,false,2536.3145046532154,320,320,0
166,0.5368391379714013,0.4786841074625651,0.001,0.9671627642146895,0.6441724048182547,val_map_50_95,0.6441724048182547,false,2550.748445916921,320,320,0
167,0.5077847242355347,0.4768989483515422,0.001,0.9670120936460176,0.6630800265431782,val_map_50_95,0.6630800265431782,false,2564.8832762241364,320,320,0
168,0.494215227663517,0.46799319982528687,0.001,0.9673489759965214,0.660256580980835,val_map_50_95,0.660256580980835,false,2579.3762766867876,320,320,0
169,0.5308541163802147,0.4891066054503123,0.001,0.9672749294376214,0.6436326379562697,val_map_50_95,0.6436326379562697,false,2593.6943544261158,320,320,0
170,0.5420892313122749,0.5044811467329661,0.001,0.9668216770327399,0.6123958054589224,val_map_50_95,0.6123958054589224,false,2608.61738428846,320,320,0
171,0.5491368860006333,0.47807009021441144,0.001,0.9673543366505232,0.6610902406133797,val_map_50_95,0.6610902406133797,false,2623.330407317728,320,320,0
172,0.5393610343337059,0.47459813952445984,0.001,0.9578679221023699,0.6635065970482624,val_map_50_95,0.6635065970482624,false,2638.0279799364507,320,320,0
173,0.5508053988218308,0.49279894431432086,0.001,0.9764786949660845,0.6330281224294555,val_map_50_95,0.6330281224294555,false,2652.3263828605413,320,320,0
174,0.5347455695271492,0.4962840775648753,0.001,0.9671373316211234,0.6268740578584425,val_map_50_95,0.6268740578584425,false,2666.7803802080452,320,320,0
175,0.5287225663661956,0.46999401847521466,0.001,0.9668805238854623,0.6559352131456668,val_map_50_95,0.6559352131456668,false,2683.1133992113173,320,320,0
176,0.5364699140191078,0.4614841043949127,0.001,0.9670709649176871,0.6564868916099913,val_map_50_95,0.6564868916099913,false,2697.673436511308,320,320,0
177,0.5134094402194023,0.478499432404836,0.001,0.9669239961201109,0.6486710026577905,val_map_50_95,0.6486710026577905,false,2711.8780472278595,320,320,0
178,0.5087203785777092,0.4754575192928314,0.001,0.9668345839909632,0.659771046312128,val_map_50_95,0.659771046312128,false,2726.630157262087,320,320,0
179,0.5238066002726555,0.47629005710283917,0.001,0.9667187688676158,0.651598982374093,val_map_50_95,0.651598982374093,false,2741.079394672066,320,320,0
180,0.5333048135042191,0.4798277020454407,0.001,0.9671451192028915,0.6437203378354162,val_map_50_95,0.6437203378354162,false,2755.4823916219175,320,320,0
181,0.5157376825809479,0.46692192554473877,0.001,0.9666789384886708,0.6548465392018543,val_map_50_95,0.6548465392018543,false,2771.9864816069603,320,320,0
182,0.5382165938615799,0.4781414866447449,0.001,0.9669348445315729,0.6577547623747418,val_map_50_95,0.6577547623747418,false,2786.399411443621,320,320,0
183,0.5081027120351791,0.47114563981692,0.001,0.9670484934297878,0.6586030205431209,val_map_50_95,0.6586030205431209,false,2800.854395914823,320,320,0
184,0.5020704612135887,0.4615973234176636,0.001,0.9670864413477565,0.6642689411072449,val_map_50_95,0.6642689411072449,false,2815.411641135812,320,320,0
185,0.5087266385555267,0.4841290811697642,0.001,0.9670096771356571,0.641467085096082,val_map_50_95,0.641467085096082,false,2829.845444433391,320,320,0
186,0.5098154574632645,0.4654255509376526,0.001,0.9669826686185626,0.6612170444904807,val_map_50_95,0.6612170444904807,false,2844.4433941803873,320,320,0
187,0.5180485755205154,0.4704977571964264,0.001,0.9766773732342539,0.6646386336599011,val_map_50_95,0.6646386336599011,false,2859.2454011179507,320,320,0
188,0.5110169991850853,0.47412340839703876,0.001,0.9672061248057904,0.6443266713247501,val_map_50_95,0.6443266713247501,false,2873.717474244535,320,320,0
189,0.5116186365485191,0.47701264421145123,0.001,0.9667706632231784,0.6555247177001674,val_map_50_95,0.6555247177001674,false,2888.1944109275937,320,320,0
190,0.4901537925004959,0.4715544978777568,0.001,0.9667807826877031,0.6587949803199648,val_map_50_95,0.6587949803199648,false,2902.5803776942194,320,320,0
191,0.5052551373839378,0.46985816955566406,0.001,0.9672675488066482,0.6499082220482301,val_map_50_95,0.6499082220482301,false,2916.9544997885823,320,320,0
192,0.5327190697193146,0.4772110879421234,0.001,0.9669850871150407,0.6522636572582933,val_map_50_95,0.6522636572582933,false,2931.984431769699,320,320,0
193,0.49154185354709623,0.47046753764152527,0.001,0.9671697612442994,0.6630656470467146,val_map_50_95,0.6630656470467146,false,2946.4313897565007,320,320,0
194,0.5036129266023636,0.4564918478329976,0.001,0.9669153985629427,0.6641533328891964,val_map_50_95,0.6641533328891964,false,2960.8524846099317,320,320,0
195,0.5194016993045807,0.4652542571226756,0.001,0.967013880731687,0.6616547494884246,val_map_50_95,0.6616547494884246,false,2975.3143913298845,320,320,0
196,0.5071593135595321,0.4773496588071187,0.001,0.9673327839392805,0.6566448091234783,val_map_50_95,0.6566448091234783,false,2989.4964207075536,320,320,0
197,0.5050924152135849,0.4822360773881276,0.001,0.9666397637808155,0.6521806231801401,val_map_50_95,0.6521806231801401,false,3004.011447966099,320,320,0
198,0.5033637285232544,0.4610767563184102,0.001,0.9671105069206678,0.6646410180913029,val_map_50_95,0.6646410180913029,false,3018.3688046112657,320,320,0
199,0.4962646722793579,0.4697408179442088,0.001,0.9668982930521746,0.6633230992301037,val_map_50_95,0.6633230992301037,false,3032.6094467788935,320,320,0
200,0.5067898213863373,0.47475455204645794,0.001,0.9669560567453944,0.6674628420075192,val_map_50_95,0.6674628420075192,true,3048.431408252567,320,320,0
201,0.5217577233910561,0.46436851223309833,0.001,0.9673135740254309,0.6637353748219555,val_map_50_95,0.6637353748219555,false,3066.008447229862,320,320,0
202,0.5261476024985313,0.4701225260893504,0.001,0.9671849251817076,0.660814122095952,val_map_50_95,0.660814122095952,false,3080.3132851198316,320,320,0
203,0.48279082477092744,0.4628080626328786,0.001,0.9667421506311191,0.6661375983061932,val_map_50_95,0.6661375983061932,false,3094.537532925606,320,320,0
204,0.4874059483408928,0.4768585463364919,0.001,0.966792216838427,0.642086351882844,val_map_50_95,0.642086351882844,false,3108.733796659857,320,320,0
205,0.4998515143990517,0.48296116789182025,0.001,0.966870036744893,0.6370808629859706,val_map_50_95,0.6370808629859706,false,3123.0904335156083,320,320,0
206,0.4952854856848717,0.4630950589974721,0.001,0.9666828391904965,0.6661736158932633,val_map_50_95,0.6661736158932633,false,3139.23822119087,320,320,0
207,0.5118731692433357,0.4638572533925374,0.001,0.967236243401792,0.6681371720209058,val_map_50_95,0.6681371720209058,true,3154.9413878768682,320,320,0
208,0.5149017035961151,0.48418498039245605,0.001,0.9668812524850933,0.6369724011511373,val_map_50_95,0.6369724011511373,false,3169.3583966866136,320,320,0
209,0.49035536497831345,0.46010643243789673,0.001,0.9672172584929866,0.6663187393278976,val_map_50_95,0.6663187393278976,false,3183.701179020107,320,320,0
210,0.5310597166419029,0.47989054520924884,0.001,0.9671753961250038,0.6331483706949803,val_map_50_95,0.6331483706949803,false,3198.256593454629,320,320,0
211,0.5227510198950768,0.4707047740618388,0.001,0.9671420039116242,0.6525471093099775,val_map_50_95,0.6525471093099775,false,3212.619403064251,320,320,0
212,0.49847135990858077,0.4598430097103119,0.001,0.9672206510860317,0.6656075526109825,val_map_50_95,0.6656075526109825,false,3226.9054457247257,320,320,0
213,0.5125760674476624,0.4624795118967692,0.001,0.9669057482766605,0.6595314270757763,val_map_50_95,0.6595314270757763,false,3241.2184444740415,320,320,0
214,0.5014780804514885,0.45425830284754437,0.001,0.96693035935728,0.6689899250372923,val_map_50_95,0.6689899250372923,true,3257.5726700536907,320,320,0
215,0.5171702608466149,0.4611672560373942,0.001,0.9673204981522613,0.6620046587567135,val_map_50_95,0.6620046587567135,false,3272.0404521785676,320,320,0
216,0.5163195177912712,0.479261189699173,0.001,0.9670483088751486,0.652356655870488,val_map_50_95,0.652356655870488,false,3286.5524331964552,320,320,0
217,0.49576683938503263,0.4956790308157603,0.001,0.9669208983509361,0.6301165575898598,val_map_50_95,0.6301165575898598,false,3300.839449059218,320,320,0
218,0.5235959306359291,0.4630027214686076,0.001,0.9769869078511,0.6638963329755008,val_map_50_95,0.6638963329755008,false,3315.408408008516,320,320,0
219,0.4943193092942238,0.45865167180697125,0.001,0.9667392942506632,0.653067496644393,val_map_50_95,0.653067496644393,false,3329.949378810823,320,320,0
220,0.5235868558287621,0.4864102005958557,0.001,0.9766086131741293,0.6453174607179657,val_map_50_95,0.6453174607179657,false,3346.809527680278,320,320,0
221,0.5059789508581162,0.4650443096955617,0.001,0.9672832655887856,0.6665807124416859,val_map_50_95,0.6665807124416859,false,3361.6872159950435,320,320,0
222,0.5024073883891106,0.4796263575553894,0.001,0.967093522701679,0.6449851789433887,val_map_50_95,0.6449851789433887,false,3376.3904156684875,320,320,0
223,0.5175418183207512,0.48811141649882,0.001,0.9673325711447812,0.6322838246430696,val_map_50_95,0.6322838246430696,false,3390.8873921111226,320,320,0
224,0.500923527777195,0.4556677043437958,0.001,0.9672414444859749,0.6750490780183709,val_map_50_95,0.6750490780183709,true,3406.499423108995,320,320,0
225,0.5103784948587418,0.4488351345062256,0.001,0.9672249165003952,0.6724874157485007,val_map_50_95,0.6724874157485007,false,3421.3017550967634,320,320,0
226,0.5182414174079895,0.49590355157852173,0.001,0.9764057355145759,0.6314450870712609,val_map_50_95,0.6314450870712609,false,3435.5944771170616,320,320,0
227,0.5319666251540184,0.4871443708737691,0.001,0.9765412418131796,0.64977944697236,val_map_50_95,0.64977944697236,false,3450.165414147079,320,320,0
228,0.5179020598530769,0.46476208170255023,0.001,0.9674294266966686,0.6687646467050424,val_map_50_95,0.6687646467050424,false,3464.5414321795106,320,320,0
229,0.4955680653452873,0.47152310609817505,0.001,0.9675937313147543,0.6520877864916858,val_map_50_95,0.6520877864916858,false,3478.8644012361765,320,320,0
230,0.4999942347407341,0.4712822039922078,0.001,0.9670655604264287,0.6470776731269797,val_map_50_95,0.6470776731269797,false,3497.2415019720793,320,320,0
231,0.48792017698287965,0.4496941963831584,0.001,0.9676766016499907,0.6759445601605102,val_map_50_95,0.6759445601605102,true,3512.699446659535,320,320,0
232,0.5163099974393844,0.4635070363680522,0.001,0.976771333403116,0.6653507722969828,val_map_50_95,0.6653507722969828,false,3528.8475352860987,320,320,0
233,0.5131276175379753,0.4563371141751607,0.001,0.9671963743268597,0.6736789957259021,val_map_50_95,0.6736789957259021,false,3543.479284361005,320,320,0
234,0.48486855775117876,0.46605803569157916,0.001,0.9671246095652438,0.6542993351457526,val_map_50_95,0.6542993351457526,false,3557.821389235556,320,320,0
235,0.5055191829800606,0.45914621154467267,0.001,0.9675538567478421,0.6704428780176256,val_map_50_95,0.6704428780176256,false,3572.116983421147,320,320,0
236,0.5106917902827263,0.5174018343289694,0.001,0.9671180376331846,0.6004020344242783,val_map_50_95,0.6004020344242783,false,3586.4843929819763,320,320,0
237,0.5102410852909088,0.45997822284698486,0.001,0.9576216793422628,0.6693691436367496,val_map_50_95,0.6693691436367496,false,3600.901453498751,320,320,0
238,0.4914420753717422,0.4495476881663005,0.001,0.967438005376329,0.6733265662059942,val_map_50_95,0.6733265662059942,false,3616.1255459673703,320,320,0
239,0.47947840243577955,0.4578092396259308,0.001,0.9674439444454561,0.6689874739946425,val_map_50_95,0.6689874739946425,false,3630.5124810673296,320,320,0
240,0.4855016678571701,0.4618549744288127,0.001,0.9673144136727229,0.6608166320592568,val_map_50_95,0.6608166320592568,false,3644.8653936572373,320,320,0
241,0.4813841849565506,0.463465412457784,0.001,0.9670315157496725,0.6660130076620053,val_map_50_95,0.6660130076620053,false,3659.0666819810867,320,320,0
242,0.49419626146554946,0.4578548272450765,0.001,0.9671985529366385,0.6737762994717743,val_map_50_95,0.6737762994717743,false,3673.2963259480894,320,320,0
243,0.49385412931442263,0.4467179874579112,0.001,0.9671055187981515,0.6725434161640514,val_map_50_95,0.6725434161640514,false,3687.5160591341555,320,320,0
244,0.5023912340402603,0.4571830133597056,0.001,0.9670847917778965,0.6712450426090355,val_map_50_95,0.6712450426090355,false,3702.4063884690404,320,320,0
245,0.4985395073890686,0.4745090405146281,0.001,0.9672770497784778,0.6506081194118506,val_map_50_95,0.6506081194118506,false,3717.031378880143,320,320,0
246,0.5066032037138939,0.45902899901072186,0.001,0.9669614811017697,0.6702522732597502,val_map_50_95,0.6702522732597502,false,3732.4774023741484,320,320,0
247,0.4735246211290359,0.44640647371610004,0.001,0.9672859613948441,0.6755969789007736,val_map_50_95,0.6755969789007736,false,3746.746403157711,320,320,0
248,0.5077473238110543,0.490665723880132,0.001,0.9668723600558142,0.6220859274463336,val_map_50_95,0.6220859274463336,false,3761.416687641293,320,320,0
249,0.4973161995410919,0.4587346116701762,0.001,0.9673996112253278,0.6719668149658866,val_map_50_95,0.6719668149658866,false,3775.841480668634,320,320,0
250,0.48921325951814654,0.4560544987519582,0.001,0.9672288607755928,0.6703754786478596,val_map_50_95,0.6703754786478596,false,3789.9534499682486,320,320,0
251,0.5090233877301216,0.4553786714871724,0.001,0.9671594571627189,0.6699896992305255,val_map_50_95,0.6699896992305255,false,3805.904422521591,320,320,0
252,0.4883920282125473,0.4822234312693278,0.001,0.9669757721639188,0.6494538773787414,val_map_50_95,0.6494538773787414,false,3819.7963945679367,320,320,0
253,0.49410215616226194,0.47299639383951825,0.001,0.9667606051495569,0.6520913592840376,val_map_50_95,0.6520913592840376,false,3833.8963995724916,320,320,0
254,0.4843470960855484,0.45643774668375653,0.001,0.9671927503759606,0.6719350521520878,val_map_50_95,0.6719350521520878,false,3848.314893912524,320,320,0
255,0.45686929672956467,0.454729030529658,0.001,0.967227136004421,0.6746180274604717,val_map_50_95,0.6746180274604717,false,3862.2832055725157,320,320,0
256,0.5052460908889771,0.4746310313542684,0.001,0.9669194134462565,0.6418780602310972,val_map_50_95,0.6418780602310972,false,3876.343192115426,320,320,0
257,0.5023339375853538,0.4629097481568654,0.001,0.9675086601662185,0.6738713061175144,val_map_50_95,0.6738713061175144,false,3891.4994037523866,320,320,0
258,0.4899843469262123,0.4612370431423187,0.001,0.9673913101935697,0.6696759199751726,val_map_50_95,0.6696759199751726,false,3905.7405881136656,320,320,0
259,0.47558245062828064,0.44958484172821045,0.001,0.9671623999273639,0.6682784669466808,val_map_50_95,0.6682784669466808,false,3919.5591071508825,320,320,0
260,0.4750034615397453,0.46971598267555237,0.001,0.9669637877273837,0.6522618496841921,val_map_50_95,0.6522618496841921,false,3933.5304634831846,320,320,0
261,0.5057797133922577,0.47446657220522565,0.001,0.9671973183877401,0.6477207385229831,val_map_50_95,0.6477207385229831,false,3947.57680137828,320,320,0
262,0.4663140907883644,0.44734135270118713,0.001,0.9672343900465583,0.6741068630273052,val_map_50_95,0.6741068630273052,false,3966.673416852951,320,320,0
263,0.5001330628991127,0.45020442207654315,0.001,0.9771814716904905,0.6812708186171672,val_map_50_95,0.6812708186171672,true,3983.30247040838,320,320,0
264,0.4940714493393898,0.4577142596244812,0.001,0.967160570486224,0.6682192682451539,val_map_50_95,0.6682192682451539,false,3997.5094504728913,320,320,0
265,0.4698715165257454,0.46284685532251996,0.001,0.9671580245942194,0.6624648402511015,val_map_50_95,0.6624648402511015,false,4011.5494295172393,320,320,0
266,0.46418188959360124,0.4490962127844493,0.001,0.9668254355332284,0.6762951313477393,val_map_50_95,0.6762951313477393,false,4025.6836960688233,320,320,0
267,0.4941677927970886,0.45932115117708844,0.001,0.9675065542567994,0.6761555882131933,val_map_50_95,0.6761555882131933,false,4039.7774196602404,320,320,0
268,0.4939421936869621,0.4635169009367625,0.001,0.9668652160130318,0.6595377911151536,val_map_50_95,0.6595377911151536,false,4054.2593820616603,320,320,0
269,0.5109534665942193,0.45611609021822613,0.001,0.967484555451736,0.6749737413543166,val_map_50_95,0.6749737413543166,false,4068.4033889323473,320,320,0
270,0.4709043949842453,0.48413994908332825,0.001,0.9766620908022476,0.6317768039937541,val_map_50_95,0.6317768039937541,false,4082.4232157580554,320,320,0
271,0.5011947363615036,0.4455057879288991,0.001,0.9672623284594085,0.6769596246104506,val_map_50_95,0.6769596246104506,false,4096.588098138571,320,320,0
272,0.474745936691761,0.4642336964607239,0.001,0.9670934682280686,0.6448344889852494,val_map_50_95,0.6448344889852494,false,4111.007354989648,320,320,0
273,0.48728054016828537,0.4493199388186137,0.001,0.9669896671410746,0.6698283304560216,val_map_50_95,0.6698283304560216,false,4125.189495906234,320,320,0
274,0.4992511659860611,0.45336539546648663,0.001,0.9672907964287304,0.6698819370044853,val_map_50_95,0.6698819370044853,false,4139.620489619672,320,320,0
275,0.48237731903791425,0.4572610557079315,0.001,0.9767768766231263,0.6697793965309605,val_map_50_95,0.6697793965309605,false,4154.165515966713,320,320,0
276,0.475575353205204,0.45414332548777264,0.001,0.9671160137051085,0.6754726305045698,val_map_50_95,0.6754726305045698,false,4168.434560526162,320,320,0
277,0.4683676153421402,0.4556002616882324,0.001,0.9674918529744574,0.6579618437249191,val_map_50_95,0.6579618437249191,false,4183.826420746744,320,320,0
278,0.4814597934484482,0.46244707703590393,0.001,0.9677117333083761,0.650566768652775,val_map_50_95,0.650566768652775,false,4198.186490442604,320,320,0
279,0.4669813871383667,0.4816291928291321,0.001,0.9672648307876478,0.6257477671777864,val_map_50_95,0.6257477671777864,false,4212.550464067608,320,320,0
280,0.48391091972589495,0.4537874360879262,0.001,0.9673309145154597,0.6708322436357608,val_map_50_95,0.6708322436357608,false,4226.846422526985,320,320,0
281,0.4695859357714653,0.45790738860766095,0.001,0.957421055501844,0.6643895750240547,val_map_50_95,0.6643895750240547,false,4241.273654196411,320,320,0
282,0.49619803875684737,0.4602993925412496,0.001,0.9671414428418221,0.6653810807603793,val_map_50_95,0.6653810807603793,false,4255.571443773806,320,320,0
283,0.46263918876647947,0.44943417112032574,0.001,0.9671656804086664,0.6670558073772752,val_map_50_95,0.6670558073772752,false,4270.265473905951,320,320,0
284,0.48879639655351637,0.4638338088989258,0.001,0.967110822494849,0.6721163007532668,val_map_50_95,0.6721163007532668,false,4284.560453269631,320,320,0
285,0.4829676404595375,0.45423179864883423,0.001,0.9671264884341131,0.6660890451197401,val_map_50_95,0.6660890451197401,false,4299.017310731113,320,320,0
286,0.4890039384365082,0.4772362808386485,0.001,0.9668828819152633,0.6456321409970753,val_map_50_95,0.6456321409970753,false,4313.2144883312285,320,320,0
287,0.4746586591005325,0.44096555312474567,0.001,0.9672856466811481,0.6748026788039727,val_map_50_95,0.6748026788039727,false,4327.50418516621,320,320,0
288,0.4767317533493042,0.46016377210617065,0.001,0.9675454547704205,0.667059345330776,val_map_50_95,0.667059345330776,false,4342.020042579621,320,320,0
289,0.4809141576290131,0.48258259892463684,0.001,0.9671746831213867,0.629024716523228,val_map_50_95,0.629024716523228,false,4356.345444068313,320,320,0
290,0.4970783904194832,0.45256832242012024,0.001,0.96740717483876,0.6727764003783429,val_map_50_95,0.6727764003783429,false,4370.831420715898,320,320,0
291,0.4719515904784203,0.46221646666526794,0.001,0.9669855552005469,0.6517360358756532,val_map_50_95,0.6517360358756532,false,4385.147398728877,320,320,0
292,0.48608105182647704,0.4624231259028117,0.001,0.9673774875686475,0.6663689999872131,val_map_50_95,0.6663689999872131,false,4399.466297771782,320,320,0
293,0.4892121091485023,0.45553537209828693,0.001,0.9576377236295274,0.6738133219848212,val_map_50_95,0.6738133219848212,false,4414.086473308504,320,320,0
294,0.47684731185436247,0.4638023277123769,0.001,0.9668275414640501,0.653701640313434,val_map_50_95,0.653701640313434,false,4428.535455197096,320,320,0
295,0.45823501497507096,0.44554434219996136,0.001,0.9671443576951227,0.6743720936800681,val_map_50_95,0.6743720936800681,false,4442.791444931179,320,320,0
296,0.4722520649433136,0.4621557096640269,0.001,0.9671683719401146,0.6592130680074031,val_map_50_95,0.6592130680074031,false,4457.264440126717,320,320,0
297,0.4551116988062859,0.4527675211429596,0.001,0.9668404463717734,0.6609690761470222,val_map_50_95,0.6609690761470222,false,4471.6133267991245,320,320,0
298,0.46479746997356414,0.465584655602773,0.001,0.9670380010975683,0.6502210823939212,val_map_50_95,0.6502210823939212,false,4486.310305006802,320,320,0
299,0.48168027251958845,0.4436672826608022,0.001,0.967544481860564,0.6734473194829134,val_map_50_95,0.6734473194829134,false,4500.656685754657,320,320,0
300,0.4741808995604515,0.4756324390570323,0.001,0.9670139763181969,0.6430228587845049,val_map_50_95,0.6430228587845049,false,4514.916879739612,320,320,0
301,0.4892428368330002,0.46384679277737934,0.001,0.9670612487654814,0.6553905456069505,val_map_50_95,0.6553905456069505,false,4529.3454094827175,320,320,0
302,0.47905333936214445,0.4713889459768931,0.001,0.9767636886511947,0.6400073910207075,val_map_50_95,0.6400073910207075,false,4543.791005052626,320,320,0
303,0.4842077985405922,0.4511865973472595,0.001,0.9674297163637295,0.6745015838980282,val_map_50_95,0.6745015838980282,false,4558.4172557629645,320,320,0
304,0.473436738550663,0.46513617038726807,0.001,0.9672449867269154,0.6464379376003636,val_map_50_95,0.6464379376003636,false,4572.69627032429,320,320,0
305,0.469950807094574,0.458198885122935,0.001,0.9764022103437844,0.665927999172415,val_map_50_95,0.665927999172415,false,4587.099200613797,320,320,0
306,0.452388608455658,0.4530637264251709,0.001,0.9673066312073237,0.6732781592720047,val_map_50_95,0.6732781592720047,false,4601.461389251053,320,320,0
307,0.45898565351963044,0.4623713493347168,0.001,0.9672265297586625,0.6607699270571404,val_map_50_95,0.6607699270571404,false,4615.918492916971,320,320,0
308,0.45233549922704697,0.4461035231749217,0.001,0.9668797678247667,0.6750124644081456,val_map_50_95,0.6750124644081456,false,4630.77544991672,320,320,0
309,0.4596228003501892,0.45117199420928955,0.001,0.9667672326250508,0.6730412564237161,val_map_50_95,0.6730412564237161,false,4645.152565624565,320,320,0
310,0.483465251326561,0.44532811641693115,0.001,0.9674186286562378,0.6785286842821674,val_map_50_95,0.6785286842821674,false,4659.389295749366,320,320,0
311,0.4928305923938751,0.4678482115268707,0.001,0.9667953932366794,0.6606905713843845,val_map_50_95,0.6606905713843845,false,4673.785414233804,320,320,0
312,0.4671561270952225,0.4597596526145935,0.001,0.9673098862753502,0.6560261416671145,val_map_50_95,0.6560261416671145,false,4688.217866171151,320,320,0
313,0.4627657622098923,0.4477194945017497,0.001,0.967303471923854,0.670964000626796,val_map_50_95,0.670964000626796,false,4704.62801881507,320,320,0
314,0.4616471081972122,0.44483598073323566,0.001,0.9673110015805465,0.6731736258686938,val_map_50_95,0.6731736258686938,false,4719.0674352012575,320,320,0
315,0.46017618775367736,0.44338154792785645,0.001,0.9669811342247882,0.6736663705239081,val_map_50_95,0.6736663705239081,false,4733.414577484131,320,320,0
316,0.47015497237443926,0.4422742227713267,0.001,0.9672944494808272,0.6762297913660182,val_map_50_95,0.6762297913660182,false,4747.850092429668,320,320,0
317,0.48851859718561175,0.4593117634455363,0.001,0.9768324297823355,0.6608561273998141,val_map_50_95,0.6608561273998141,false,4768.553435347974,320,320,0
318,0.47601204812526704,0.4719559947649638,0.001,0.9766312520599693,0.6495904984753047,val_map_50_95,0.6495904984753047,false,4782.973393570632,320,320,0
319,0.4889233186841011,0.4459841748078664,0.001,0.9674191341599727,0.6721053773720282,val_map_50_95,0.6721053773720282,false,4797.406425759196,320,320,0
320,0.4667465925216675,0.45177391171455383,0.001,0.9671167083296444,0.6761990919585825,val_map_50_95,0.6761990919585825,false,4812.106768526137,320,320,0
321,0.4686996161937714,0.4621757964293162,0.001,0.9768410462184337,0.6606930858029516,val_map_50_95,0.6606930858029516,false,4826.4098007828,320,320,0
322,0.4623552605509758,0.45178712407747906,0.001,0.9672273117755072,0.666127229310532,val_map_50_95,0.666127229310532,false,4841.817458029836,320,320,0
323,0.4632155552506447,0.44134870171546936,0.001,0.9673510799619595,0.674526177977015,val_map_50_95,0.674526177977015,false,4856.235806278884,320,320,0
324,0.454973341524601,0.46841780344645184,0.001,0.9769021993997603,0.6455193413486121,val_map_50_95,0.6455193413486121,false,4870.3795716539025,320,320,0
325,0.4765659809112549,0.4392339090506236,0.001,0.9671031372777011,0.6713868908188287,val_map_50_95,0.6713868908188287,false,4884.622993867844,320,320,0
326,0.459885336458683,0.4609135488669078,0.001,0.9671305301229675,0.6559766653806269,val_map_50_95,0.6559766653806269,false,4898.908393636346,320,320,0
327,0.4770412340760231,0.4646334648132324,0.001,0.9669593391695092,0.664729190106052,val_map_50_95,0.664729190106052,false,4915.541523691267,320,320,0
328,0.4825022488832474,0.45719175537427265,0.001,0.9769226799210324,0.6730563721954365,val_map_50_95,0.6730563721954365,false,4929.5996106266975,320,320,0
329,0.47335412800312043,0.46614668766657513,0.001,0.9762585228275278,0.6529468794077407,val_map_50_95,0.6529468794077407,false,4944.219437140971,320,320,0
330,0.4866036131978035,0.4576633075873057,0.001,0.9673817050625787,0.6620432977284145,val_map_50_95,0.6620432977284145,false,4958.5763897150755,320,320,0
331,0.467914879322052,0.4465160171190898,0.001,0.9576821151309081,0.679425069334625,val_map_50_95,0.679425069334625,false,4973.414186242968,320,320,0
332,0.4667793050408363,0.46523340543111164,0.001,0.9666753496825947,0.661929164944896,val_map_50_95,0.661929164944896,false,4987.74116403237,320,320,0
333,0.459418123960495,0.46207000811894733,0.001,0.9671075336625317,0.6567808957848398,val_map_50_95,0.6567808957848398,false,5002.065183535218,320,320,0
334,0.4618939608335495,0.44537538290023804,0.001,0.9673386788809312,0.6734217586854343,val_map_50_95,0.6734217586854343,false,5016.494356043637,320,320,0
335,0.48465687930583956,0.4445273180802663,0.001,0.9673573347945155,0.6752457864377045,val_map_50_95,0.6752457864377045,false,5030.702381763607,320,320,0
336,0.4615916803479195,0.47240619858105976,0.001,0.9671077643038741,0.6537850326014498,val_map_50_95,0.6537850326014498,false,5045.628481198102,320,320,0
337,0.4850556135177612,0.4483141203721364,0.001,0.967157130895943,0.6707225011498391,val_map_50_95,0.6707225011498391,false,5060.074409939349,320,320,0
338,0.4411413908004761,0.4498261610666911,0.001,0.9576707834833034,0.671352006892313,val_map_50_95,0.671352006892313,false,5074.454441964626,320,320,0
339,0.46618393510580064,0.4438756803671519,0.001,0.9573175078524356,0.675597950223986,val_map_50_95,0.675597950223986,false,5088.820394251496,320,320,0
340,0.4555542469024658,0.4674070378144582,0.001,0.9764770453519627,0.6559148368145992,val_map_50_95,0.6559148368145992,false,5106.014919236302,320,320,0
341,0.4777459308505058,0.4548468093077342,0.001,0.9670073516668842,0.6742639136446935,val_map_50_95,0.6742639136446935,false,5120.271272819489,320,320,0
342,0.44631320238113403,0.4496373037497203,0.001,0.9571961607614409,0.6767208769935478,val_map_50_95,0.6767208769935478,false,5137.131905440241,320,320,0
343,0.4751948118209839,0.45567261179288227,0.001,0.9672421327270322,0.6745806344728592,val_map_50_95,0.6745806344728592,false,5151.431584492326,320,320,0
344,0.4499337121844292,0.4840160111586253,0.001,0.9670044045291974,0.6268542348019461,val_map_50_95,0.6268542348019461,false,5165.668265365064,320,320,0
345,0.46576549857854843,0.47908822695414227,0.001,0.9765225300465576,0.6392624514498656,val_map_50_95,0.6392624514498656,false,5180.174185328186,320,320,0
346,0.47276742458343507,0.4537530541419983,0.001,0.9671423164987168,0.6761574665173139,val_map_50_95,0.6761574665173139,false,5195.0529402941465,320,320,0
347,0.4546148762106895,0.4434097607930501,0.001,0.9668383921211077,0.6710341658600679,val_map_50_95,0.6710341658600679,false,5209.304381024092,320,320,0
348,0.46593733727931974,0.44562675555547077,0.001,0.9671833032128464,0.6736401764363724,val_map_50_95,0.6736401764363724,false,5223.490375440568,320,320,0
349,0.45350940227508546,0.44968457023302716,0.001,0.9671274888280529,0.6743471629371384,val_map_50_95,0.6743471629371384,false,5237.789463136345,320,320,0
350,0.4836374521255493,0.46486501892407733,0.001,0.9766505974662842,0.6484005896367164,val_map_50_95,0.6484005896367164,false,5252.25983825326,320,320,0
351,0.46583656817674635,0.44545074303944904,0.001,0.9670017377426767,0.6760892859575882,val_map_50_95,0.6760892859575882,false,5267.904411051422,320,320,0
352,0.457062104344368,0.4439757565657298,0.001,0.9671796877403847,0.6732233985377223,val_map_50_95,0.6732233985377223,false,5282.40448403731,320,320,0
353,0.4660405695438385,0.4472103416919708,0.001,0.9670834478818822,0.6716427669473103,val_map_50_95,0.6716427669473103,false,5296.779857810587,320,320,0
354,0.4597102880477905,0.44326067964235943,0.001,0.9672357135202452,0.6787003770715334,val_map_50_95,0.6787003770715334,false,5310.942399375141,320,320,0
355,0.47042102217674253,0.45306142171223956,0.001,0.9673175964675185,0.6681190169334705,val_map_50_95,0.6681190169334705,false,5327.879508718848,320,320,0
356,0.49307320564985274,0.4679146409034729,0.001,0.9670112378605636,0.6491866972664808,val_map_50_95,0.6491866972664808,false,5342.643518317491,320,320,0
357,0.4621675208210945,0.45188238223393756,0.001,0.9674460325562214,0.6524617737939181,val_map_50_95,0.6524617737939181,false,5356.988870792091,320,320,0
358,0.4610587522387505,0.4463084936141968,0.001,0.9675426755337323,0.6708453318479293,val_map_50_95,0.6708453318479293,false,5371.239127848297,320,320,0
359,0.48886025995016097,0.48577389121055603,0.001,0.9669021259653996,0.6176446021442473,val_map_50_95,0.6176446021442473,false,5385.592450655997,320,320,0
360,0.44853139817714693,0.44422125816345215,0.001,0.9579789517244689,0.6736479920365546,val_map_50_95,0.6736479920365546,false,5399.671309310943,320,320,0
361,0.4532786473631859,0.45790576934814453,0.001,0.9670232234274944,0.6550335048549848,val_map_50_95,0.6550335048549848,false,5414.387489374727,320,320,0
362,0.48272684663534166,0.4472092886765798,0.001,0.9672426026216597,0.6762257168228101,val_map_50_95,0.6762257168228101,false,5428.862420126796,320,320,0
363,0.4764928072690964,0.44745516777038574,0.001,0.9670527124484811,0.6788742192509251,val_map_50_95,0.6788742192509251,false,5443.297407388687,320,320,0
364,0.47299966812133787,0.4870675007502238,0.001,0.9669254228900106,0.6151741724646326,val_map_50_95,0.6151741724646326,false,5457.715413983911,320,320,0
365,0.46405506432056426,0.445849080880483,0.001,0.9578272637872706,0.672708444367706,val_map_50_95,0.672708444367706,false,5472.295486051589,320,320,0
366,0.49166878759860994,0.44924937685330707,0.001,0.9672688352169674,0.6778783995224603,val_map_50_95,0.6778783995224603,false,5488.552413061261,320,320,0
367,0.4647149592638016,0.49273903171221417,0.001,0.9665117887625418,0.6365486713413763,val_map_50_95,0.6365486713413763,false,5510.536394741386,320,320,0
368,0.44423737972974775,0.45460522174835205,0.001,0.9670730784900479,0.6656638650210304,val_map_50_95,0.6656638650210304,false,5532.908289853483,320,320,0
369,0.46384997516870496,0.44742245475451153,0.001,0.9674345246619575,0.6768379064611294,val_map_50_95,0.6768379064611294,false,5547.3641319312155,320,320,0
370,0.44496178030967715,0.4550967812538147,0.001,0.9577156382268048,0.679962235685999,val_map_50_95,0.679962235685999,false,5562.485393807292,320,320,0
371,0.4456118389964104,0.44313233097394306,0.001,0.9672832521258028,0.6733779391958851,val_map_50_95,0.6733779391958851,false,5577.103447955102,320,320,0
372,0.44417001456022265,0.4575309753417969,0.001,0.9671363248149742,0.6583281524017466,val_map_50_95,0.6583281524017466,false,5591.392785731703,320,320,0
373,0.45403054505586626,0.47658764322598773,0.001,0.966935414495074,0.6389855850973106,val_map_50_95,0.6389855850973106,false,5605.7491497807205,320,320,0
374,0.45289215743541716,0.44024911522865295,0.001,0.9672157030819328,0.6747731705840918,val_map_50_95,0.6747731705840918,false,5619.8653982542455,320,320,0
375,0.4572365075349808,0.44297097126642865,0.001,0.9674128147014214,0.6661143831511254,val_map_50_95,0.6661143831511254,false,5634.311683468521,320,320,0
376,0.4553466796875,0.4519527455170949,0.001,0.9576843619512047,0.668267355793563,val_map_50_95,0.668267355793563,false,5648.771402072161,320,320,0
377,0.46620642989873884,0.46810293197631836,0.001,0.967299363688,0.6567750982603452,val_map_50_95,0.6567750982603452,false,5663.396600998938,320,320,0
378,0.439332602918148,0.46652724345525104,0.001,0.9669182778828023,0.6627158420716588,val_map_50_95,0.6627158420716588,false,5677.756405476481,320,320,0
379,0.45071482211351394,0.4627766211827596,0.001,0.9672195207796307,0.654243188873476,val_map_50_95,0.654243188873476,false,5692.13940487057,320,320,0
380,0.46111292839050294,0.4386050800482432,0.001,0.9671418601024432,0.6729071108156806,val_map_50_95,0.6729071108156806,false,5706.632467158139,320,320,0
381,0.42676026076078416,0.44472866257031757,0.001,0.9671731638164457,0.6809313818314079,val_map_50_95,0.6809313818314079,false,5720.922415435314,320,320,0
382,0.443187715113163,0.44351468483606976,0.001,0.9672228327805305,0.6778171135461276,val_map_50_95,0.6778171135461276,false,5735.801392432302,320,320,0
383,0.45826819241046907,0.4568840265274048,0.001,0.9575300077689294,0.6643073203800134,val_map_50_95,0.6643073203800134,false,5751.8584519810975,320,320,0
384,0.45465912371873857,0.4663712481657664,0.001,0.9762813362349736,0.6682303703227558,val_map_50_95,0.6682303703227558,false,5766.107690140605,320,320,0
385,0.4473561242222786,0.4641963144143422,0.001,0.9666344926862982,0.661942031166787,val_map_50_95,0.661942031166787,false,5780.733872450888,320,320,0
386,0.4662426084280014,0.45618074138959247,0.001,0.9768698493741311,0.6681465365919695,val_map_50_95,0.6681465365919695,false,5795.210751216859,320,320,0
387,0.4256243109703064,0.4417191942532857,0.001,0.9672197081700905,0.6703098636653517,val_map_50_95,0.6703098636653517,false,5809.874401040375,320,320,0
388,0.46295899897813797,0.4896784524122874,0.001,0.976508049748322,0.6253068802919777,val_map_50_95,0.6253068802919777,false,5824.893406771123,320,320,0
389,0.45477466136217115,0.4504941602547963,0.001,0.9671478077300026,0.672903703466497,val_map_50_95,0.672903703466497,false,5839.366384226829,320,320,0
390,0.4463385835289955,0.4711017807324727,0.001,0.9666970094092273,0.6404171406723906,val_map_50_95,0.6404171406723906,false,5853.951498858631,320,320,0
391,0.4447216272354126,0.4409910937150319,0.001,0.9673283905047018,0.6812310792864064,val_map_50_95,0.6812310792864064,false,5868.521461345255,320,320,0
392,0.4601784124970436,0.44354453682899475,0.001,0.9574524889218811,0.6652677624163794,val_map_50_95,0.6652677624163794,false,5883.264400783926,320,320,0
393,0.4610209405422211,0.44818506638209027,0.001,0.966702980415517,0.6695263425214839,val_map_50_95,0.6695263425214839,false,5899.782458972186,320,320,0
394,0.4758521467447281,0.45855003595352173,0.001,0.9766849014658435,0.662118116343504,val_map_50_95,0.662118116343504,false,5914.307425707579,320,320,0
395,0.44131348580121993,0.44161807497342426,0.001,0.9672486383759502,0.6842766169494057,val_map_50_95,0.6842766169494057,true,5930.354408103973,320,320,0
396,0.4605184316635132,0.45292311906814575,0.001,0.9573329989410622,0.6651446024623211,val_map_50_95,0.6651446024623211,false,5944.850404258817,320,320,0
397,0.471895144879818,0.48454952239990234,0.001,0.9665209726502091,0.6374169647231896,val_map_50_95,0.6374169647231896,false,5959.62564856559,320,320,0
398,0.4584267497062683,0.44496644536654156,0.001,0.9668298429649127,0.6690030159297968,val_map_50_95,0.6690030159297968,false,5974.667499471456,320,320,0
399,0.43980085104703903,0.4451788365840912,0.001,0.9576168262866595,0.6744582108684138,val_map_50_95,0.6744582108684138,false,5989.007531102747,320,320,0
400,0.44626339673995974,0.44465261697769165,0.001,0.967256954645966,0.6837534286277945,val_map_50_95,0.6837534286277945,false,6003.398909974843,320,320,0
401,0.4408298060297966,0.4396555721759796,0.001,0.967210802024183,0.6764048655652288,val_map_50_95,0.6764048655652288,false,6017.824861370027,320,320,0
402,0.4432383418083191,0.44091810782750446,0.001,0.9669022292010194,0.6807448079548108,val_map_50_95,0.6807448079548108,false,6032.138396047056,320,320,0
403,0.4496674820780754,0.4499378502368927,0.001,0.9670714265479101,0.6654352672118237,val_map_50_95,0.6654352672118237,false,6046.778620138764,320,320,0
404,0.4309222012758255,0.4456571340560913,0.001,0.9669503158867304,0.6778978680168672,val_map_50_95,0.6778978680168672,false,6061.844470974058,320,320,0
405,0.4383256956934929,0.46511513988176983,0.001,0.976121358649147,0.6509629279891478,val_map_50_95,0.6509629279891478,false,6076.3862684592605,320,320,0
406,0.45651334822177886,0.4494464596112569,0.001,0.9668574571919925,0.6712563389399508,val_map_50_95,0.6712563389399508,false,6090.732439905405,320,320,0
407,0.4487680226564407,0.4452090660730998,0.001,0.9668585893437539,0.6743236088591873,val_map_50_95,0.6743236088591873,false,6105.11707213521,320,320,0
408,0.4583365127444267,0.45998745163281757,0.001,0.9571752614894014,0.6514516628354099,val_map_50_95,0.6514516628354099,false,6120.226437725127,320,320,0
409,0.4512649953365326,0.4518500069777171,0.001,0.9665238220950918,0.6649662839834612,val_map_50_95,0.6649662839834612,false,6134.817406702787,320,320,0
410,0.4360386446118355,0.43847938378651935,0.001,0.9670672812757742,0.6745064545271582,val_map_50_95,0.6745064545271582,false,6154.387416403741,320,320,0
411,0.45717237442731856,0.4427116811275482,0.001,0.9673665457341716,0.6776752582996654,val_map_50_95,0.6776752582996654,false,6168.8737055025995,320,320,0
412,0.46648147106170657,0.4600410958131154,0.001,0.966964416242724,0.6621608206515035,val_map_50_95,0.6621608206515035,false,6183.240385867655,320,320,0
413,0.44035574048757553,0.4575779438018799,0.001,0.9667030612597144,0.6595466867278755,val_map_50_95,0.6595466867278755,false,6197.933383751661,320,320,0
414,0.4163965120911598,0.4469623366991679,0.001,0.9671577144934294,0.673270537085991,val_map_50_95,0.673270537085991,false,6212.262923192233,320,320,0
415,0.424386140704155,0.4562850296497345,0.001,0.967286666000341,0.6620669335127067,val_map_50_95,0.6620669335127067,false,6226.4994047656655,320,320,0
416,0.44806624948978424,0.4444278875986735,0.001,0.9670700317922468,0.6725617353272411,val_map_50_95,0.6725617353272411,false,6241.027399003506,320,320,0
417,0.45054123997688295,0.4562663932641347,0.001,0.9669979130981996,0.6595462414865447,val_map_50_95,0.6595462414865447,false,6256.145438298583,320,320,0
418,0.43244965374469757,0.44578757882118225,0.001,0.9672453242624135,0.6714149821409835,val_map_50_95,0.6714149821409835,false,6271.349397845566,320,320,0
419,0.44762755930423737,0.457259068886439,0.001,0.9670771845193854,0.6582479861594387,val_map_50_95,0.6582479861594387,false,6285.8027426451445,320,320,0
420,0.4226537495851517,0.4542246162891388,0.001,0.9671370897993629,0.6693413862869692,val_map_50_95,0.6693413862869692,false,6299.885638635606,320,320,0
421,0.43551863729953766,0.4446839491526286,0.001,0.9670648918546718,0.6774141713428268,val_map_50_95,0.6774141713428268,false,6314.699391722679,320,320,0
422,0.44505911469459536,0.43755000829696655,0.001,0.957568424925652,0.6751586854403913,val_map_50_95,0.6751586854403913,false,6329.280434913933,320,320,0
423,0.43840042501688004,0.44920723636945087,0.001,0.9673062684493436,0.6780565998738103,val_map_50_95,0.6780565998738103,false,6343.978440202773,320,320,0
424,0.44786216616630553,0.47560327251752216,0.001,0.9666813842431401,0.6393900496246194,val_map_50_95,0.6393900496246194,false,6358.74337901175,320,320,0
425,0.4605472579598427,0.4655711054801941,0.001,0.9664958040326731,0.6643240701596363,val_map_50_95,0.6643240701596363,false,6373.32728915289,320,320,0
426,0.4352535203099251,0.44054855902989704,0.001,0.9670939295509285,0.6825180010866662,val_map_50_95,0.6825180010866662,false,6387.704494297504,320,320,0
427,0.4411672234535217,0.44544199109077454,0.001,0.9669983841959694,0.6774848662973223,val_map_50_95,0.6774848662973223,false,6402.011901721358,320,320,0
428,0.46579026281833646,0.4468044340610504,0.001,0.9672213967020457,0.664168628181296,val_map_50_95,0.664168628181296,false,6416.360390584916,320,320,0
429,0.4426264300942421,0.44992117087046307,0.001,0.9670705277902578,0.671937508547436,val_map_50_95,0.671937508547436,false,6431.685389377177,320,320,0
430,0.4204846784472466,0.44084324439366657,0.001,0.9673682673415233,0.6740746643814296,val_map_50_95,0.6740746643814296,false,6446.232391551137,320,320,0
431,0.4513832628726959,0.45134660601615906,0.001,0.9671946843177056,0.6712266190958993,val_map_50_95,0.6712266190958993,false,6460.925402011722,320,320,0
432,0.43438172787427903,0.44802455107371014,0.001,0.9670537211127397,0.6720273245189544,val_map_50_95,0.6720273245189544,false,6475.425770219415,320,320,0
433,0.4491554543375969,0.4483182926972707,0.001,0.9669702695463973,0.6684592790314212,val_map_50_95,0.6684592790314212,false,6489.967483356595,320,320,0
434,0.44346200823783877,0.4445118010044098,0.001,0.9669496102504045,0.6759678264973511,val_map_50_95,0.6759678264973511,false,6504.410384729505,320,320,0
435,0.4541459307074547,0.45469264189402264,0.001,0.9572765045575214,0.66887088581893,val_map_50_95,0.66887088581893,false,6518.955401308835,320,320,0
436,0.4279549434781075,0.48393264412879944,0.001,0.9760613438897746,0.6361172055604065,val_map_50_95,0.6361172055604065,false,6536.661390017718,320,320,0
437,0.4461305543780327,0.4665399094422658,0.001,0.9669456800561594,0.6476344787902066,val_map_50_95,0.6476344787902066,false,6551.205383397639,320,320,0
438,0.4378970444202423,0.4415537814299266,0.001,0.9672030967050663,0.6723887178545874,val_map_50_95,0.6723887178545874,false,6570.7148036547005,320,320,0
439,0.43261072039604187,0.4499213496843974,0.001,0.9673392476487015,0.6733029095817868,val_map_50_95,0.6733029095817868,false,6585.363464944065,320,320,0
440,0.4427557930350304,0.4699397583802541,0.001,0.9666934287134159,0.6628026104096572,val_map_50_95,0.6628026104096572,false,6599.823414672166,320,320,0
441,0.43938460052013395,0.4589633146921794,0.001,0.9669343261507378,0.6659758782047792,val_map_50_95,0.6659758782047792,false,6614.108236163855,320,320,0
442,0.456105899810791,0.4615290363629659,0.001,0.9671122727817809,0.6557720603960128,val_map_50_95,0.6557720603960128,false,6628.298419848084,320,320,0
443,0.45231347531080246,0.4446185231208801,0.001,0.9669766690260652,0.6685627734222209,val_map_50_95,0.6685627734222209,false,6642.64739587903,320,320,0
444,0.4437085747718811,0.44863613446553546,0.001,0.9669352468618825,0.6773741607729862,val_map_50_95,0.6773741607729862,false,6656.740093156695,320,320,0
445,0.4059762716293335,0.44991934299468994,0.001,0.9671164855803344,0.674821986100107,val_map_50_95,0.674821986100107,false,6670.781408879906,320,320,0
446,0.44504711776971817,0.4606130023797353,0.001,0.9762810026510506,0.6637078250172106,val_map_50_95,0.6637078250172106,false,6685.002460829914,320,320,0
447,0.44303660839796066,0.5441055297851562,0.001,0.966520351359889,0.5704642416547886,val_map_50_95,0.5704642416547886,false,6699.382381089032,320,320,0
448,0.45548573732376096,0.451221764087677,0.001,0.9669303373782593,0.6725378876110787,val_map_50_95,0.6725378876110787,false,6713.794517036527,320,320,0
449,0.41869729906320574,0.4500129024187724,0.001,0.9575331101148146,0.6769633931823775,val_map_50_95,0.6769633931823775,false,6728.838388040662,320,320,0
450,0.4248703882098198,0.46176283558209735,0.001,0.9575819334668768,0.6745554312637719,val_map_50_95,0.6745554312637719,false,6744.47452455014,320,320,0
451,0.4272734999656677,0.4365946749846141,0.001,0.9670821322448121,0.68038964911993,val_map_50_95,0.68038964911993,false,6758.85041347146,320,320,0
452,0.44832757860422134,0.4415580133597056,0.001,0.9672002858925526,0.6696281598097464,val_map_50_95,0.6696281598097464,false,6773.471399571747,320,320,0
453,0.43423566967248917,0.4651922980944316,0.001,0.9764495586412854,0.6409891238120025,val_map_50_95,0.6409891238120025,false,6787.764488324523,320,320,0
454,0.45452333688735963,0.44276516636212665,0.001,0.9579268191594597,0.6799982342684228,val_map_50_95,0.6799982342684228,false,6803.45343048498,320,320,0
455,0.42051080614328384,0.4607461293538411,0.001,0.9673808717640462,0.6663915355157978,val_map_50_95,0.6663915355157978,false,6817.813905905932,320,320,0
456,0.42222134619951246,0.44458213448524475,0.001,0.9573536782987065,0.6752293968974246,val_map_50_95,0.6752293968974246,false,6832.180589590222,320,320,0
457,0.4325249150395393,0.4562462866306305,0.001,0.9670913840447033,0.6805757672762697,val_map_50_95,0.6805757672762697,false,6846.439389504492,320,320,0
458,0.4413903445005417,0.4465063015619914,0.001,0.9671867195835911,0.683470204704424,val_map_50_95,0.683470204704424,false,6861.376393549144,320,320,0
459,0.4451662763953209,0.44844980041186017,0.001,0.9668248945376001,0.6840012214526312,val_map_50_95,0.6840012214526312,false,6875.89582278952,320,320,0
460,0.4254538774490356,0.4420407911141713,0.001,0.9668547537037593,0.674506420562898,val_map_50_95,0.674506420562898,false,6890.444427955896,320,320,0
461,0.46069357097148894,0.46920648217201233,0.001,0.9669137564961802,0.6543891188593096,val_map_50_95,0.6543891188593096,false,6906.217400420457,320,320,0
462,0.4419459104537964,0.44995542367299396,0.001,0.9668321788549504,0.6700994108633302,val_map_50_95,0.6700994108633302,false,6920.868507083505,320,320,0
463,0.4407352045178413,0.44237088163693744,0.001,0.9574707599271214,0.6779384808379877,val_map_50_95,0.6779384808379877,false,6935.192434422672,320,320,0
464,0.4333087235689163,0.45237865050633747,0.001,0.9764322301363423,0.6752067096201247,val_map_50_95,0.6752067096201247,false,6949.753466717899,320,320,0
465,0.40492816269397736,0.45204410950342816,0.001,0.9573429359734977,0.6712417268774648,val_map_50_95,0.6712417268774648,false,6964.192389130592,320,320,0
466,0.4429716274142265,0.450202743212382,0.001,0.9764006599596519,0.679449518393831,val_map_50_95,0.679449518393831,false,6981.027389839292,320,320,0
467,0.4496218353509903,0.4493231475353241,0.001,0.9666835746552757,0.6666911886374549,val_map_50_95,0.6666911886374549,false,6995.490404203534,320,320,0
468,0.4178002059459686,0.44768500328063965,0.001,0.9673758671291595,0.6763362124292976,val_map_50_95,0.6763362124292976,false,7010.319439433515,320,320,0
469,0.41551007628440856,0.439514954884847,0.001,0.9575249685620566,0.6763361797842323,val_map_50_95,0.6763361797842323,false,7024.620537865907,320,320,0
470,0.4442869141697884,0.4544502794742584,0.001,0.9668370835649831,0.6649527780994771,val_map_50_95,0.6649527780994771,false,7038.978955641389,320,320,0
471,0.42655191719532015,0.45820990204811096,0.001,0.9572809316910437,0.652816394396522,val_map_50_95,0.652816394396522,false,7053.981395173818,320,320,0
472,0.4236765891313553,0.4474025269349416,0.001,0.9576459356429412,0.6767737416834503,val_map_50_95,0.6767737416834503,false,7068.6333796978,320,320,0
473,0.43352060317993163,0.44566795229911804,0.001,0.9670753359760526,0.6764980792656226,val_map_50_95,0.6764980792656226,false,7083.176436860114,320,320,0
474,0.42216004282236097,0.4344090322653453,0.001,0.9673554496157026,0.6756552679272947,val_map_50_95,0.6756552679272947,false,7097.580439355224,320,320,0
475,0.41355966329574584,0.4418383638064067,0.001,0.9671944618644,0.6803366818945249,val_map_50_95,0.6803366818945249,false,7112.3464159965515,320,320,0
476,0.4221235945820808,0.4407263398170471,0.001,0.967301270268633,0.6775395085713594,val_map_50_95,0.6775395085713594,false,7126.748271260411,320,320,0
477,0.41233386248350146,0.4524798591931661,0.001,0.967304645532288,0.6747934849386136,val_map_50_95,0.6747934849386136,false,7141.130401495844,320,320,0
478,0.440046389400959,0.439016451438268,0.001,0.967353232359498,0.6836747567810769,val_map_50_95,0.6836747567810769,false,7155.922839973122,320,320,0
479,0.442861208319664,0.4473868707815806,0.001,0.9671671545253345,0.6747351181999349,val_map_50_95,0.6747351181999349,false,7170.22951072827,320,320,0
480,0.4322069063782692,0.45883602897326153,0.001,0.9672154353332494,0.6629707171615741,val_map_50_95,0.6629707171615741,false,7184.740032363683,320,320,0
481,0.41891318261623384,0.44391414523124695,0.001,0.9576236091758052,0.6795432932893171,val_map_50_95,0.6795432932893171,false,7204.841391600668,320,320,0
482,0.4290733367204666,0.4448782503604889,0.001,0.9670642823066724,0.6769391442714517,val_map_50_95,0.6769391442714517,false,7219.376390378922,320,320,0
483,0.4324644669890404,0.44772603114446,0.001,0.9670688402527565,0.678310295558808,val_map_50_95,0.678310295558808,false,7233.772200483829,320,320,0
484,0.4372852981090546,0.4541614254315694,0.001,0.9670746438137505,0.6766352496231954,val_map_50_95,0.6766352496231954,false,7248.146910723299,320,320,0
485,0.42606777101755144,0.4566940466562907,0.001,0.9669082294126347,0.6635307505412131,val_map_50_95,0.6635307505412131,false,7262.674374055117,320,320,0
486,0.42689740657806396,0.44376373291015625,0.001,0.9671892554853877,0.672985094393445,val_map_50_95,0.672985094393445,false,7277.155395183712,320,320,0
487,0.4192092388868332,0.44371844331423443,0.001,0.96723909729945,0.6812971133991751,val_map_50_95,0.6812971133991751,false,7291.3571162335575,320,320,0
488,0.4328661680221558,0.4698824683825175,0.001,0.9671022097904884,0.6701188970547644,val_map_50_95,0.6701188970547644,false,7305.625389765948,320,320,0
489,0.43365574926137923,0.45874181389808655,0.001,0.9667866099740685,0.6598353882679753,val_map_50_95,0.6598353882679753,false,7321.845317926258,320,320,0
490,0.4570272445678711,0.4674670100212097,0.001,0.9671542911741025,0.6511258087391492,val_map_50_95,0.6511258087391492,false,7336.1754520609975,320,320,0
491,0.41231566816568377,0.4347078700860341,0.001,0.9670972023322716,0.6733912174615425,val_map_50_95,0.6733912174615425,false,7356.455748960376,320,320,0
492,0.4309891566634178,0.4481571515401204,0.001,0.9575708687861397,0.6748251487665071,val_map_50_95,0.6748251487665071,false,7370.966458931565,320,320,0
493,0.4245841532945633,0.4378455877304077,0.001,0.9577831436293432,0.6749817929248966,val_map_50_95,0.6749817929248966,false,7386.675435490906,320,320,0
494,0.44882042706012726,0.44394275546073914,0.001,0.9575057147997781,0.6672148525859475,val_map_50_95,0.6672148525859475,false,7403.551402315497,320,320,0
495,0.4025802820920944,0.4574698309103648,0.001,0.9671959762892516,0.6661231636085903,val_map_50_95,0.6661231636085903,false,7418.145410653204,320,320,0
496,0.4331145599484444,0.448308785756429,0.001,0.9671555112434609,0.6762023452631447,val_map_50_95,0.6762023452631447,false,7432.672525223345,320,320,0
497,0.4183248430490494,0.45248474677403766,0.001,0.9670929910241982,0.6705451704295056,val_map_50_95,0.6705451704295056,false,7446.977409400046,320,320,0
498,0.4399113953113556,0.45304498076438904,0.001,0.9671036317419186,0.6718627113761384,val_map_50_95,0.6718627113761384,false,7461.190446507186,320,320,0
499,0.41853396147489547,0.4510075052579244,0.001,0.9668658718214872,0.6778750090746071,val_map_50_95,0.6778750090746071,false,7475.35943955183,320,320,0
500,0.4366966709494591,0.4353363315264384,0.001,0.9670173571175132,0.6795534970058951,val_map_50_95,0.6795534970058951,false,7493.531441550702,320,320,0
