split,image_id,provenance,digest
train,img000_20201027_Kaizu_TCA422_515x515,recovered-from-local-data-fold1_yolo,0941e6c3b17f638fc7a343b9537f6369b6d6b55d8d0275afc35883d233b1e13f
train,img002_20201027_Kaizu_TCA422_515x515,recovered-from-local-data-fold1_yolo,0941e6c3b17f638fc7a343b9537f6369b6d6b55d8d0275afc35883d233b1e13f
train,img003_20201027_Kaizu_TCA422_515x515,recovered-from-local-data-fold1_yolo,0941e6c3b17f638fc7a343b9537f6369b6d6b55d8d0275afc35883d233b1e13f
train,img004_20201027_Kaizu_TCA422_515x515,recovered-from-local-data-fold1_yolo,0941e6c3b17f638fc7a343b9537f6369b6d6b55d8d0275afc35883d233b1e13f
train,img005_20201027_Kaizu_TCA422_515x515,recovered-from-local-data-fold1_yolo,0941e6c3b17f638fc7a343b9537f6369b6d6b55d8d0275afc35883d233b1e13f
train,img006_20201027_Kaizu_TCA422_515x515,recovered-from-local-data-fold1_yolo,0941e6c3b17f638fc7a343b9537f6369b6d6b55d8d0275afc35883d233b1e13f
train,img007_20201027_Kaizu_TCA422_515x515,recovered-from-local-data-fold1_yolo,0941e6c3b17f638fc7a343b9537f6369b6d6b55d8d0275afc35883d233b1e13f
train,img008_20201027_Kaizu_TCA422_515x515,recovered-from-local-data-fold1_yolo,0941e6c3b17f638fc7a343b9537f6369b6d6b55d8d0275afc35883d233b1e13f
train,img011_20201027_Kaizu_TCA422_515x515,recovered-from-local-data-fold1_yolo,0941e6c3b17f638fc7a343b9537f6369b6d6b55d8d0275afc35883d233b1e13f
train,img012_20201027_Kaizu_TCA422_515x515,recovered-from-local-data-fold1_yolo,0941e6c3b17f638fc7a343b9537f6369b6d6b55d8d0275afc35883d233b1e13f
train,img013_20201027_Kaizu_TCA422_515x515,recovered-from-local-data-fold1_yolo,0941e6c3b17f638fc7a343b9537f6369b6d6b55d8d0275afc35883d233b1e13f
train,img014_20201027_Kaizu_TCA422_515x515,recovered-from-local-data-fold1_yolo,0941e6c3b17f638fc7a343b9537f6369b6d6b55d8d0275afc35883d233b1e13f
train,img016_20201027_Kaizu_TCA422_515x515,recovered-from-local-data-fold1_yolo,0941e6c3b17f638fc7a343b9537f6369b6d6b55d8d0275afc35883d233b1e13f
train,img017_20201027_Kaizu_TCA422_515x515,recovered-from-local-data-fold1_yolo,0941e6c3b17f638fc7a343b9537f6369b6d6b55d8d0275afc35883d233b1e13f
train,img018_20201027_Kaizu_TCA422_515x515,recovered-from-local-data-fold1_yolo,0941e6c3b17f638fc7a343b9537f6369b6d6b55d8d0275afc35883d233b1e13f
train,img021_20201027_Kaizu_TCA422_515x515,recovered-from-local-data-fold1_yolo,0941e6c3b17f638fc7a343b9537f6369b6d6b55d8d0275afc35883d233b1e13f
train,img022_20201027_Kaizu_TCA422_515x515,recovered-from-local-data-fold1_yolo,0941e6c3b17f638fc7a343b9537f6369b6d6b55d8d0275afc35883d233b1e13f
train,img023_20201027_Kaizu_TCA422_515x515,recovered-from-local-data-fold1_yolo,0941e6c3b17f638fc7a343b9537f6369b6d6b55d8d0275afc35883d233b1e13f
train,img024_20201027_Kaizu_TCA422_515x515,recovered-from-local-data-fold1_yolo,0941e6c3b17f638fc7a343b9537f6369b6d6b55d8d0275afc35883d233b1e13f
train,img025_20201027_Kaizu_TCA422_515x515,recovered-from-local-data-fold1_yolo,0941e6c3b17f638fc7a343b9537f6369b6d6b55d8d0275afc35883d233b1e13f
train,img030_20201027_Kaizu_TCA422_515x515,recovered-from-local-data-fold1_yolo,0941e6c3b17f638fc7a343b9537f6369b6d6b55d8d0275afc35883d233b1e13f
train,img031_20201027_Kaizu_TCA422_515x515,recovered-from-local-data-fold1_yolo,0941e6c3b17f638fc7a343b9537f6369b6d6b55d8d0275afc35883d233b1e13f
train,img032_20201027_Kaizu_OkinaSP_515x515,recovered-from-local-data-fold1_yolo,0941e6c3b17f638fc7a343b9537f6369b6d6b55d8d0275afc35883d233b1e13f
train,img033_20201027_Kaizu_TCA422_515x515,recovered-from-local-data-fold1_yolo,0941e6c3b17f638fc7a343b9537f6369b6d6b55d8d0275afc35883d233b1e13f
train,img034_20201027_Kaizu_TCA422_515x515,recovered-from-local-data-fold1_yolo,0941e6c3b17f638fc7a343b9537f6369b6d6b55d8d0275afc35883d233b1e13f
train,img036_20201027_Kaizu_TCA422_515x515,recovered-from-local-data-fold1_yolo,0941e6c3b17f638fc7a343b9537f6369b6d6b55d8d0275afc35883d233b1e13f
train,img037_20201027_Kaizu_OkinaSP_515x515,recovered-from-local-data-fold1_yolo,0941e6c3b17f638fc7a343b9537f6369b6d6b55d8d0275afc35883d233b1e13f
train,img038_20201027_Kaizu_OkinaSP_515x515,recovered-from-local-data-fold1_yolo,0941e6c3b17f638fc7a343b9537f6369b6d6b55d8d0275afc35883d233b1e13f
train,img040_20201027_Kaizu_OkinaSP_515x515,recovered-from-local-data-fold1_yolo,0941e6c3b17f638fc7a343b9537f6369b6d6b55d8d0275afc35883d233b1e13f
train,img042_20201027_Kaizu_TCA422_515x515,recovered-from-local-data-fold1_yolo,0941e6c3b17f638fc7a343b9537f6369b6d6b55d8d0275afc35883d233b1e13f
train,img044_20201027_Kaizu_OkinaSP_515x515,recovered-from-local-data-fold1_yolo,0941e6c3b17f638fc7a343b9537f6369b6d6b55d8d0275afc35883d233b1e13f
train,img047_20201027_Kaizu_OkinaSP_515x515,recovered-from-local-data-fold1_yolo,0941e6c3b17f638fc7a343b9537f6369b6d6b55d8d0275afc35883d233b1e13f
train,img048_20201027_Kaizu_OkinaSP_515x515,recovered-from-local-data-fold1_yolo,0941e6c3b17f638fc7a343b9537f6369b6d6b55d8d0275afc35883d233b1e13f
train,img049_20201027_Kaizu_OkinaSP_515x515,recovered-from-local-data-fold1_yolo,0941e6c3b17f638fc7a343b9537f6369b6d6b55d8d0275afc35883d233b1e13f
train,img050_20201027_Kaizu_OkinaSP_515x515,recovered-from-local-data-fold1_yolo,0941e6c3b17f638fc7a343b9537f6369b6d6b55d8d0275afc35883d233b1e13f
train,img052_20201027_Kaizu_OkinaSP_515x515,recovered-from-local-data-fold1_yolo,0941e6c3b17f638fc7a343b9537f6369b6d6b55d8d0275afc35883d233b1e13f
train,img053_20201027_Kaizu_OkinaSP_515x515,recovered-from-local-data-fold1_yolo,0941e6c3b17f638fc7a343b9537f6369b6d6b55d8d0275afc35883d233b1e13f
train,img054_20201027_Kaizu_OkinaSP_515x515,recovered-from-local-data-fold1_yolo,0941e6c3b17f638fc7a343b9537f6369b6d6b55d8d0275afc35883d233b1e13f
train,img055_20201027_Kaizu_OkinaSP_515x515,recovered-from-local-data-fold1_yolo,0941e6c3b17f638fc7a343b9537f6369b6d6b55d8d0275afc35883d233b1e13f
train,img057_20201027_Kaizu_OkinaSP_515x515,recovered-from-local-data-fold1_yolo,0941e6c3b17f638fc7a343b9537f6369b6d6b55d8d0275afc35883d233b1e13f
train,img059_20201027_Kaizu_OkinaSP_515x515,recovered-from-local-data-fold1_yolo,0941e6c3b17f638fc7a343b9537f6369b6d6b55d8d0275afc35883d233b1e13f
train,img060_20201027_Kaizu_TCA422_515x515,recovered-from-local-data-fold1_yolo,0941e6c3b17f638fc7a343b9537f6369b6d6b55d8d0275afc35883d233b1e13f
train,img063_20201027_Kaizu_TCA422_515x515,recovered-from-local-data-fold1_yolo,0941e6c3b17f638fc7a343b9537f6369b6d6b55d8d0275afc35883d233b1e13f
train,img064_20201027_Kaizu_TCA422_515x515,recovered-from-local-data-fold1_yolo,0941e6c3b17f638fc7a343b9537f6369b6d6b55d8d0275afc35883d233b1e13f
train,img066_20201027_Kaizu_TCA422_515x515,recovered-from-local-data-fold1_yolo,0941e6c3b17f638fc7a343b9537f6369b6d6b55d8d0275afc35883d233b1e13f
train,img067_20201027_Kaizu_TCA422_515x515,recovered-from-local-data-fold1_yolo,0941e6c3b17f638fc7a343b9537f6369b6d6b55d8d0275afc35883d233b1e13f
train,img069_20201027_Kaizu_TCA422_515x515,recovered-from-local-data-fold1_yolo,0941e6c3b17f638fc7a343b9537f6369b6d6b55d8d0275afc35883d233b1e13f
train,img071_20201027_Kaizu_TCA422_515x515,recovered-from-local-data-fold1_yolo,0941e6c3b17f638fc7a343b9537f6369b6d6b55d8d0275afc35883d233b1e13f
train,img073_20201027_Kaizu_TCA422_515x515,recovered-from-local-data-fold1_yolo,0941e6c3b17f638fc7a343b9537f6369b6d6b55d8d0275afc35883d233b1e13f
train,img074_20201027_Kaizu_TCA422_515x515,recovered-from-local-data-fold1_yolo,0941e6c3b17f638fc7a343b9537f6369b6d6b55d8d0275afc35883d233b1e13f
train,img077_20201027_Kaizu_TCA422_515x515,recovered-from-local-data-fold1_yolo,0941e6c3b17f638fc7a343b9537f6369b6d6b55d8d0275afc35883d233b1e13f
train,img078_20201027_Kaizu_TCA422_515x515,recovered-from-local-data-fold1_yolo,0941e6c3b17f638fc7a343b9537f6369b6d6b55d8d0275afc35883d233b1e13f
train,img079_20201027_Kaizu_TCA422_515x515,recovered-from-local-data-fold1_yolo,0941e6c3b17f638fc7a343b9537f6369b6d6b55d8d0275afc35883d233b1e13f
train,img081_20201027_Kaizu_TCA422_900x900,recovered-from-local-data-fold1_yolo,0941e6c3b17f638fc7a343b9537f6369b6d6b55d8d0275afc35883d233b1e13f
train,img082_20201027_Kaizu_TCA422_900x900,recovered-from-local-data-fold1_yolo,0941e6c3b17f638fc7a343b9537f6369b6d6b55d8d0275afc35883d233b1e13f
train,img085_20201027_Kaizu_TCA422_900x900,recovered-from-local-data-fold1_yolo,0941e6c3b17f638fc7a343b9537f6369b6d6b55d8d0275afc35883d233b1e13f
train,img086_20201027_Kaizu_TCA422_900x900,recovered-from-local-data-fold1_yolo,0941e6c3b17f638fc7a343b9537f6369b6d6b55d8d0275afc35883d233b1e13f
train,img087_20201027_Kaizu_TCA422_900x900,recovered-from-local-data-fold1_yolo,0941e6c3b17f638fc7a343b9537f6369b6d6b55d8d0275afc35883d233b1e13f
train,img088_20201027_Kaizu_TCA422_900x900,recovered-from-local-data-fold1_yolo,0941e6c3b17f638fc7a343b9537f6369b6d6b55d8d0275afc35883d233b1e13f
train,img090_20201027_Kaizu_TCA422_900x900,recovered-from-local-data-fold1_yolo,0941e6c3b17f638fc7a343b9537f6369b6d6b55d8d0275afc35883d233b1e13f
train,img094_20201027_Kaizu_TCA422_900x900,recovered-from-local-data-fold1_yolo,0941e6c3b17f638fc7a343b9537f6369b6d6b55d8d0275afc35883d233b1e13f
train,img095_20201027_Kaizu_TCA422_900x900,recovered-from-local-data-fold1_yolo,0941e6c3b17f638fc7a343b9537f6369b6d6b55d8d0275afc35883d233b1e13f
train,img098_20201027_Kaizu_TCA422_900x900,recovered-from-local-data-fold1_yolo,0941e6c3b17f638fc7a343b9537f6369b6d6b55d8d0275afc35883d233b1e13f
train,img099_20201027_Kaizu_TCA422_900x900,recovered-from-local-data-fold1_yolo,0941e6c3b17f638fc7a343b9537f6369b6d6b55d8d0275afc35883d233b1e13f
train,img100_20201027_Kaizu_TCA422_900x900,recovered-from-local-data-fold1_yolo,0941e6c3b17f638fc7a343b9537f6369b6d6b55d8d0275afc35883d233b1e13f
train,img102_20201027_Kaizu_TCA422_900x900,recovered-from-local-data-fold1_yolo,0941e6c3b17f638fc7a343b9537f6369b6d6b55d8d0275afc35883d233b1e13f
train,img103_20201027_Kaizu_TCA422_900x900,recovered-from-local-data-fold1_yolo,0941e6c3b17f638fc7a343b9537f6369b6d6b55d8d0275afc35883d233b1e13f
train,img104_20201027_Kaizu_TCA422_900x900,recovered-from-local-data-fold1_yolo,0941e6c3b17f638fc7a343b9537f6369b6d6b55d8d0275afc35883d233b1e13f
train,img105_20201027_Kaizu_TCA422_900x900,recovered-from-local-data-fold1_yolo,0941e6c3b17f638fc7a343b9537f6369b6d6b55d8d0275afc35883d233b1e13f
train,img106_20201027_Kaizu_TCA422_900x900,recovered-from-local-data-fold1_yolo,0941e6c3b17f638fc7a343b9537f6369b6d6b55d8d0275afc35883d233b1e13f
train,img107_20201027_Kaizu_TCA422_900x900,recovered-from-local-data-fold1_yolo,0941e6c3b17f638fc7a343b9537f6369b6d6b55d8d0275afc35883d233b1e13f
train,img108_20210916_Kaizu_OkinaSP_550x550,recovered-from-local-data-fold1_yolo,0941e6c3b17f638fc7a343b9537f6369b6d6b55d8d0275afc35883d233b1e13f
train,img109_20210916_Kaizu_OkinaSP_550x550,recovered-from-local-data-fold1_yolo,0941e6c3b17f638fc7a343b9537f6369b6d6b55d8d0275afc35883d233b1e13f
train,img112_20210916_Kaizu_OkinaSP_550x550,recovered-from-local-data-fold1_yolo,0941e6c3b17f638fc7a343b9537f6369b6d6b55d8d0275afc35883d233b1e13f
train,img113_20210916_Kaizu_OkinaSP_550x550,recovered-from-local-data-fold1_yolo,0941e6c3b17f638fc7a343b9537f6369b6d6b55d8d0275afc35883d233b1e13f
train,img114_20210916_Kaizu_OkinaSP_550x550,recovered-from-local-data-fold1_yolo,0941e6c3b17f638fc7a343b9537f6369b6d6b55d8d0275afc35883d233b1e13f
train,img115_20210916_Kaizu_OkinaSP_550x550,recovered-from-local-data-fold1_yolo,0941e6c3b17f638fc7a343b9537f6369b6d6b55d8d0275afc35883d233b1e13f
train,img117_20210916_Kaizu_OkinaSP_550x550,recovered-from-local-data-fold1_yolo,0941e6c3b17f638fc7a343b9537f6369b6d6b55d8d0275afc35883d233b1e13f
train,img118_20210916_Sunomata_TCA422_550x550,recovered-from-local-data-fold1_yolo,0941e6c3b17f638fc7a343b9537f6369b6d6b55d8d0275afc35883d233b1e13f
train,img119_20210916_Sunomata_TCA422_550x550,recovered-from-local-data-fold1_yolo,0941e6c3b17f638fc7a343b9537f6369b6d6b55d8d0275afc35883d233b1e13f
train,img125_20210916_Sunomata_TCA422_550x550,recovered-from-local-data-fold1_yolo,0941e6c3b17f638fc7a343b9537f6369b6d6b55d8d0275afc35883d233b1e13f
train,img126_20210916_Sunomata_TCA422_550x550,recovered-from-local-data-fold1_yolo,0941e6c3b17f638fc7a343b9537f6369b6d6b55d8d0275afc35883d233b1e13f
train,img128_20211126_Sunomata_TCA422_550x550,recovered-from-local-data-fold1_yolo,0941e6c3b17f638fc7a343b9537f6369b6d6b55d8d0275afc35883d233b1e13f
train,img129_20211126_Sunomata_TCA422_550x550,recovered-from-local-data-fold1_yolo,0941e6c3b17f638fc7a343b9537f6369b6d6b55d8d0275afc35883d233b1e13f
train,img130_20211126_Sunomata_TCA422_550x550,recovered-from-local-data-fold1_yolo,0941e6c3b17f638fc7a343b9537f6369b6d6b55d8d0275afc35883d233b1e13f
train,img132_20211126_Sunomata_OkinaSP_550x550,recovered-from-local-data-fold1_yolo,0941e6c3b17f638fc7a343b9537f6369b6d6b55d8d0275afc35883d233b1e13f
train,img133_20211126_Sunomata_OkinaSP_550x550,recovered-from-local-data-fold1_yolo,0941e6c3b17f638fc7a343b9537f6369b6d6b55d8d0275afc35883d233b1e13f
train,img136_20211126_Sunomata_TCA422_550x550,recovered-from-local-data-fold1_yolo,0941e6c3b17f638fc7a343b9537f6369b6d6b55d8d0275afc35883d233b1e13f
train,img137_20211126_Sunomata_TCA422_550x550,recovered-from-local-data-fold1_yolo,0941e6c3b17f638fc7a343b9537f6369b6d6b55d8d0275afc35883d233b1e13f
train,img138_20210907_Kaizu_OkinaSP_1000x1000,recovered-from-local-data-fold1_yolo,0941e6c3b17f638fc7a343b9537f6369b6d6b55d8d0275afc35883d233b1e13f
train,img140_20210907_Kaizu_OkinaSP_1000x1000,recovered-from-local-data-fold1_yolo,0941e6c3b17f638fc7a343b9537f6369b6d6b55d8d0275afc35883d233b1e13f
train,img141_20210907_Kaizu_OkinaSP_1000x1000,recovered-from-local-data-fold1_yolo,0941e6c3b17f638fc7a343b9537f6369b6d6b55d8d0275afc35883d233b1e13f
train,img143_20210907_Yoro_Yumebutai_1000x1000,recovered-from-local-data-fold1_yolo,0941e6c3b17f638fc7a343b9537f6369b6d6b55d8d0275afc35883d233b1e13f
train,img144_20210907_Yoro_Suiryoku_1000x1000,recovered-from-local-data-fold1_yolo,0941e6c3b17f638fc7a343b9537f6369b6d6b55d8d0275afc35883d233b1e13f
train,img145_20210907_Yoro_Suiryoku_1000x1000,recovered-from-local-data-fold1_yolo,0941e6c3b17f638fc7a343b9537f6369b6d6b55d8d0275afc35883d233b1e13f
train,img147_20210907_Yoro_Yumebutai_1000x1000,recovered-from-local-data-fold1_yolo,0941e6c3b17f638fc7a343b9537f6369b6d6b55d8d0275afc35883d233b1e13f
train,img148_20210907_Yoro_OkinaSP_1000x1000,recovered-from-local-data-fold1_yolo,0941e6c3b17f638fc7a343b9537f6369b6d6b55d8d0275afc35883d233b1e13f
train,img149_20210907_Yoro_OkinaSP_1000x1000,recovered-from-local-data-fold1_yolo,0941e6c3b17f638fc7a343b9537f6369b6d6b55d8d0275afc35883d233b1e13f
train,img150_20210907_Yoro_OkinaSP_1000x1000,recovered-from-local-data-fold1_yolo,0941e6c3b17f638fc7a343b9537f6369b6d6b55d8d0275afc35883d233b1e13f
train,img151_20210907_Yoro_OkinaSP_1000x1000,recovered-from-local-data-fold1_yolo,0941e6c3b17f638fc7a343b9537f6369b6d6b55d8d0275afc35883d233b1e13f
train,img152_20210907_Yoro_Yumebutai_1000x1000,recovered-from-local-data-fold1_yolo,0941e6c3b17f638fc7a343b9537f6369b6d6b55d8d0275afc35883d233b1e13f
train,img153_20210916_Kaizu_OkinaSP_1000x1000,recovered-from-local-data-fold1_yolo,0941e6c3b17f638fc7a343b9537f6369b6d6b55d8d0275afc35883d233b1e13f
train,img154_20210916_Kaizu_OkinaSP_1000x1000,recovered-from-local-data-fold1_yolo,0941e6c3b17f638fc7a343b9537f6369b6d6b55d8d0275afc35883d233b1e13f
train,img155_20210916_Kaizu_OkinaSP_1000x1000,recovered-from-local-data-fold1_yolo,0941e6c3b17f638fc7a343b9537f6369b6d6b55d8d0275afc35883d233b1e13f
train,img156_20210916_Kaizu_OkinaSP_1000x1000,recovered-from-local-data-fold1_yolo,0941e6c3b17f638fc7a343b9537f6369b6d6b55d8d0275afc35883d233b1e13f
train,img157_20210916_Kaizu_OkinaSP_1000x1000,recovered-from-local-data-fold1_yolo,0941e6c3b17f638fc7a343b9537f6369b6d6b55d8d0275afc35883d233b1e13f
train,img158_20210916_Sunomata_TCA422_1000x1000,recovered-from-local-data-fold1_yolo,0941e6c3b17f638fc7a343b9537f6369b6d6b55d8d0275afc35883d233b1e13f
train,img159_20210916_Sunomata_OkinaSP_1000x1000,recovered-from-local-data-fold1_yolo,0941e6c3b17f638fc7a343b9537f6369b6d6b55d8d0275afc35883d233b1e13f
train,img160_20210916_Sunomata_OkinaSP_1000x1000,recovered-from-local-data-fold1_yolo,0941e6c3b17f638fc7a343b9537f6369b6d6b55d8d0275afc35883d233b1e13f
train,img162_20210916_Sunomata_OkinaSP_1000x1000,recovered-from-local-data-fold1_yolo,0941e6c3b17f638fc7a343b9537f6369b6d6b55d8d0275afc35883d233b1e13f
train,img164_20210916_Sunomata_OkinaSP_1000x1000,recovered-from-local-data-fold1_yolo,0941e6c3b17f638fc7a343b9537f6369b6d6b55d8d0275afc35883d233b1e13f
train,img165_20210916_Sunomata_TCA422_1000x1000,recovered-from-local-data-fold1_yolo,0941e6c3b17f638fc7a343b9537f6369b6d6b55d8d0275afc35883d233b1e13f
train,img166_20210916_Sunomata_TCA422_1000x1000,recovered-from-local-data-fold1_yolo,0941e6c3b17f638fc7a343b9537f6369b6d6b55d8d0275afc35883d233b1e13f
train,img167_20210916_Sunomata_TCA422_1000x1000,recovered-from-local-data-fold1_yolo,0941e6c3b17f638fc7a343b9537f6369b6d6b55d8d0275afc35883d233b1e13f
train,img169_20210921_Yoro_Yumebutai_1000x1000,recovered-from-local-data-fold1_yolo,0941e6c3b17f638fc7a343b9537f6369b6d6b55d8d0275afc35883d233b1e13f
train,img170_20210921_Yoro_Yumebutai_1000x1000,recovered-from-local-data-fold1_yolo,0941e6c3b17f638fc7a343b9537f6369b6d6b55d8d0275afc35883d233b1e13f
train,img171_20210921_Yoro_Suiryoku_1000x1000,recovered-from-local-data-fold1_yolo,0941e6c3b17f638fc7a343b9537f6369b6d6b55d8d0275afc35883d233b1e13f
train,img173_20210921_Yoro_Suiryoku_1000x1000,recovered-from-local-data-fold1_yolo,0941e6c3b17f638fc7a343b9537f6369b6d6b55d8d0275afc35883d233b1e13f
train,img174_20210921_Yoro_OkinaSP_1000x1000,recovered-from-local-data-fold1_yolo,0941e6c3b17f638fc7a343b9537f6369b6d6b55d8d0275afc35883d233b1e13f
train,img175_20210921_Yoro_OkinaSP_1000x1000,recovered-from-local-data-fold1_yolo,0941e6c3b17f638fc7a343b9537f6369b6d6b55d8d0275afc35883d233b1e13f
train,img177_20210921_Yoro_Yumebutai_1000x1000,recovered-from-local-data-fold1_yolo,0941e6c3b17f638fc7a343b9537f6369b6d6b55d8d0275afc35883d233b1e13f
train,img178_20210927_Kaizu_OkinaSP_1000x1000,recovered-from-local-data-fold1_yolo,0941e6c3b17f638fc7a343b9537f6369b6d6b55d8d0275afc35883d233b1e13f
train,img179_20210927_Kaizu_OkinaSP_1000x1000,recovered-from-local-data-fold1_yolo,0941e6c3b17f638fc7a343b9537f6369b6d6b55d8d0275afc35883d233b1e13f
train,img180_20210927_Kaizu_OkinaSP_1000x1000,recovered-from-local-data-fold1_yolo,0941e6c3b17f638fc7a343b9537f6369b6d6b55d8d0275afc35883d233b1e13f
train,img181_20210927_Kaizu_OkinaSP_1000x1000,recovered-from-local-data-fold1_yolo,0941e6c3b17f638fc7a343b9537f6369b6d6b55d8d0275afc35883d233b1e13f
train,img183_20210927_Sunomata_TCA422_1000x1000,recovered-from-local-data-fold1_yolo,0941e6c3b17f638fc7a343b9537f6369b6d6b55d8d0275afc35883d233b1e13f
train,img184_20210927_Sunomata_TCA422_1000x1000,recovered-from-local-data-fold1_yolo,0941e6c3b17f638fc7a343b9537f6369b6d6b55d8d0275afc35883d233b1e13f
train,img185_20210927_Sunomata_TCA422_1000x1000,recovered-from-local-data-fold1_yolo,0941e6c3b17f638fc7a343b9537f6369b6d6b55d8d0275afc35883d233b1e13f
train,img186_20210927_Sunomata_TCA422_1000x1000,recovered-from-local-data-fold1_yolo,0941e6c3b17f638fc7a343b9537f6369b6d6b55d8d0275afc35883d233b1e13f
train,img187_20210927_Sunomata_OkinaSP_1000x1000,recovered-from-local-data-fold1_yolo,0941e6c3b17f638fc7a343b9537f6369b6d6b55d8d0275afc35883d233b1e13f
train,img189_20210927_Sunomata_OkinaSP_1000x1000,recovered-from-local-data-fold1_yolo,0941e6c3b17f638fc7a343b9537f6369b6d6b55d8d0275afc35883d233b1e13f
train,img190_20210927_Sunomata_OkinaSP_1000x1000,recovered-from-local-data-fold1_yolo,0941e6c3b17f638fc7a343b9537f6369b6d6b55d8d0275afc35883d233b1e13f
train,img191_20210927_Sunomata_OkinaSP_1000x1000,recovered-from-local-data-fold1_yolo,0941e6c3b17f638fc7a343b9537f6369b6d6b55d8d0275afc35883d233b1e13f
train,img193_20210927_Yoro_Yumebutai_1000x1000,recovered-from-local-data-fold1_yolo,0941e6c3b17f638fc7a343b9537f6369b6d6b55d8d0275afc35883d233b1e13f
train,img195_20210927_Yoro_Yumebutai_1000x1000,recovered-from-local-data-fold1_yolo,0941e6c3b17f638fc7a343b9537f6369b6d6b55d8d0275afc35883d233b1e13f
train,img197_20210927_Yoro_Suiryoku_1000x1000,recovered-from-local-data-fold1_yolo,0941e6c3b17f638fc7a343b9537f6369b6d6b55d8d0275afc35883d233b1e13f
train,img198_20210927_Yoro_Suiryoku_1000x1000,recovered-from-local-data-fold1_yolo,0941e6c3b17f638fc7a343b9537f6369b6d6b55d8d0275afc35883d233b1e13f
train,img200_20210927_Yoro_OkinaSP_1000x1000,recovered-from-local-data-fold1_yolo,0941e6c3b17f638fc7a343b9537f6369b6d6b55d8d0275afc35883d233b1e13f
train,img201_20210927_Yoro_Yumebutai_1000x1000,recovered-from-local-data-fold1_yolo,0941e6c3b17f638fc7a343b9537f6369b6d6b55d8d0275afc35883d233b1e13f
train,img204_20211005_Kaizu_OkinaSP_1000x1000,recovered-from-local-data-fold1_yolo,0941e6c3b17f638fc7a343b9537f6369b6d6b55d8d0275afc35883d233b1e13f
train,img205_20211005_Kaizu_OkinaSP_1000x1000,recovered-from-local-data-fold1_yolo,0941e6c3b17f638fc7a343b9537f6369b6d6b55d8d0275afc35883d233b1e13f
train,img206_20211005_Kaizu_OkinaSP_1000x1000,recovered-from-local-data-fold1_yolo,0941e6c3b17f638fc7a343b9537f6369b6d6b55d8d0275afc35883d233b1e13f
train,img207_20211005_Kaizu_OkinaSP_1000x1000,recovered-from-local-data-fold1_yolo,0941e6c3b17f638fc7a343b9537f6369b6d6b55d8d0275afc35883d233b1e13f
train,img209_20211005_Sunomata_TCA422_1000x1000,recovered-from-local-data-fold1_yolo,0941e6c3b17f638fc7a343b9537f6369b6d6b55d8d0275afc35883d233b1e13f
train,img210_20211005_Sunomata_OkinaSP_1000x1000,recovered-from-local-data-fold1_yolo,0941e6c3b17f638fc7a343b9537f6369b6d6b55d8d0275afc35883d233b1e13f
train,img211_20211005_Sunomata_OkinaSP_1000x1000,recovered-from-local-data-fold1_yolo,0941e6c3b17f638fc7a343b9537f6369b6d6b55d8d0275afc35883d233b1e13f
train,img212_20211005_Sunomata_OkinaSP_1000x1000,recovered-from-local-data-fold1_yolo,0941e6c3b17f638fc7a343b9537f6369b6d6b55d8d0275afc35883d233b1e13f
train,img214_20211005_Sunomata_OkinaSP_1000x1000,recovered-from-local-data-fold1_yolo,0941e6c3b17f638fc7a343b9537f6369b6d6b55d8d0275afc35883d233b1e13f
train,img216_20211005_Sunomata_TCA422_1000x1000,recovered-from-local-data-fold1_yolo,0941e6c3b17f638fc7a343b9537f6369b6d6b55d8d0275afc35883d233b1e13f
train,img217_20211005_Sunomata_TCA422_1000x1000,recovered-from-local-data-fold1_yolo,0941e6c3b17f638fc7a343b9537f6369b6d6b55d8d0275afc35883d233b1e13f
train,img220_20211005_Yoro_Suiryoku_1000x1000,recovered-from-local-data-fold1_yolo,0941e6c3b17f638fc7a343b9537f6369b6d6b55d8d0275afc35883d233b1e13f
train,img222_20211005_Yoro_Yumebutai_1000x1000,recovered-from-local-data-fold1_yolo,0941e6c3b17f638fc7a343b9537f6369b6d6b55d8d0275afc35883d233b1e13f
train,img223_20211005_Yoro_OkinaSP_1000x1000,recovered-from-local-data-fold1_yolo,0941e6c3b17f638fc7a343b9537f6369b6d6b55d8d0275afc35883d233b1e13f
train,img224_20211005_Yoro_Yumebutai_1000x1000,recovered-from-local-data-fold1_yolo,0941e6c3b17f638fc7a343b9537f6369b6d6b55d8d0275afc35883d233b1e13f
train,img226_20211005_Yoro_OkinaSP_1000x1000,recovered-from-local-data-fold1_yolo,0941e6c3b17f638fc7a343b9537f6369b6d6b55d8d0275afc35883d233b1e13f
train,img227_20211005_Yoro_Yumebutai_1000x1000,recovered-from-local-data-fold1_yolo,0941e6c3b17f638fc7a343b9537f6369b6d6b55d8d0275afc35883d233b1e13f
train,img228_20211011_Kaizu_OkinaSP_1000x1000,recovered-from-local-data-fold1_yolo,0941e6c3b17f638fc7a343b9537f6369b6d6b55d8d0275afc35883d233b1e13f
train,img229_20211011_Kaizu_OkinaSP_1000x1000,recovered-from-local-data-fold1_yolo,0941e6c3b17f638fc7a343b9537f6369b6d6b55d8d0275afc35883d233b1e13f
train,img230_20211011_Kaizu_OkinaSP_1000x1000,recovered-from-local-data-fold1_yolo,0941e6c3b17f638fc7a343b9537f6369b6d6b55d8d0275afc35883d233b1e13f
train,img231_20211011_Kaizu_OkinaSP_1000x1000,recovered-from-local-data-fold1_yolo,0941e6c3b17f638fc7a343b9537f6369b6d6b55d8d0275afc35883d233b1e13f
train,img235_20211011_Sunomata_OkinaSP_1000x1000,recovered-from-local-data-fold1_yolo,0941e6c3b17f638fc7a343b9537f6369b6d6b55d8d0275afc35883d233b1e13f
train,img236_20211011_Sunomata_OkinaSP_1000x1000,recovered-from-local-data-fold1_yolo,0941e6c3b17f638fc7a343b9537f6369b6d6b55d8d0275afc35883d233b1e13f
train,img237_20211011_Sunomata_OkinaSP_1000x1000,recovered-from-local-data-fold1_yolo,0941e6c3b17f638fc7a343b9537f6369b6d6b55d8d0275afc35883d233b1e13f
train,img238_20211011_Sunomata_OkinaSP_1000x1000,recovered-from-local-data-fold1_yolo,0941e6c3b17f638fc7a343b9537f6369b6d6b55d8d0275afc35883d233b1e13f
train,img239_20211011_Sunomata_OkinaSP_1000x1000,recovered-from-local-data-fold1_yolo,0941e6c3b17f638fc7a343b9537f6369b6d6b55d8d0275afc35883d233b1e13f
train,img241_20211011_Sunomata_TCA422_1000x1000,recovered-from-local-data-fold1_yolo,0941e6c3b17f638fc7a343b9537f6369b6d6b55d8d0275afc35883d233b1e13f
train,img245_20211011_Yoro_Suiryoku_1000x1000,recovered-from-local-data-fold1_yolo,0941e6c3b17f638fc7a343b9537f6369b6d6b55d8d0275afc35883d233b1e13f
train,img247_20211011_Yoro_OkinaSP_1000x1000,recovered-from-local-data-fold1_yolo,0941e6c3b17f638fc7a343b9537f6369b6d6b55d8d0275afc35883d233b1e13f
train,img248_20211011_Yoro_OkinaSP_1000x1000,recovered-from-local-data-fold1_yolo,0941e6c3b17f638fc7a343b9537f6369b6d6b55d8d0275afc35883d233b1e13f
train,img249_20211011_Yoro_Yumebutai_1000x1000,recovered-from-local-data-fold1_yolo,0941e6c3b17f638fc7a343b9537f6369b6d6b55d8d0275afc35883d233b1e13f
train,img250_20211011_Yoro_OkinaSP_1000x1000,recovered-from-local-data-fold1_yolo,0941e6c3b17f638fc7a343b9537f6369b6d6b55d8d0275afc35883d233b1e13f
train,img251_20211011_Yoro_OkinaSP_1000x1000,recovered-from-local-data-fold1_yolo,0941e6c3b17f638fc7a343b9537f6369b6d6b55d8d0275afc35883d233b1e13f
train,img252_20211011_Yoro_Yumebutai_1000x1000,recovered-from-local-data-fold1_yolo,0941e6c3b17f638fc7a343b9537f6369b6d6b55d8d0275afc35883d233b1e13f
train,img253_20211018_Kaizu_OkinaSP_1000x1000,recovered-from-local-data-fold1_yolo,0941e6c3b17f638fc7a343b9537f6369b6d6b55d8d0275afc35883d233b1e13f
train,img255_20211018_Kaizu_OkinaSP_1000x1000,recovered-from-local-data-fold1_yolo,0941e6c3b17f638fc7a343b9537f6369b6d6b55d8d0275afc35883d233b1e13f
train,img256_20211018_Kaizu_OkinaSP_1000x1000,recovered-from-local-data-fold1_yolo,0941e6c3b17f638fc7a343b9537f6369b6d6b55d8d0275afc35883d233b1e13f
train,img257_20211018_Kaizu_OkinaSP_1000x1000,recovered-from-local-data-fold1_yolo,0941e6c3b17f638fc7a343b9537f6369b6d6b55d8d0275afc35883d233b1e13f
train,img258_20211018_Sunomata_TCA422_1000x1000,recovered-from-local-data-fold1_yolo,0941e6c3b17f638fc7a343b9537f6369b6d6b55d8d0275afc35883d233b1e13f
train,img259_20211018_Sunomata_TCA422_1000x1000,recovered-from-local-data-fold1_yolo,0941e6c3b17f638fc7a343b9537f6369b6d6b55d8d0275afc35883d233b1e13f
train,img260_20211018_Sunomata_OkinaSP_1000x1000,recovered-from-local-data-fold1_yolo,0941e6c3b17f638fc7a343b9537f6369b6d6b55d8d0275afc35883d233b1e13f
train,img261_20211018_Sunomata_OkinaSP_1000x1000,recovered-from-local-data-fold1_yolo,0941e6c3b17f638fc7a343b9537f6369b6d6b55d8d0275afc35883d233b1e13f
train,img262_20211018_Sunomata_OkinaSP_1000x1000,recovered-from-local-data-fold1_yolo,0941e6c3b17f638fc7a343b9537f6369b6d6b55d8d0275afc35883d233b1e13f
train,img263_20211018_Sunomata_OkinaSP_1000x1000,recovered-from-local-data-fold1_yolo,0941e6c3b17f638fc7a343b9537f6369b6d6b55d8d0275afc35883d233b1e13f
train,img264_20211018_Sunomata_OkinaSP_1000x1000,recovered-from-local-data-fold1_yolo,0941e6c3b17f638fc7a343b9537f6369b6d6b55d8d0275afc35883d233b1e13f
train,img265_20211018_Sunomata_OkinaSP_1000x1000,recovered-from-local-data-fold1_yolo,0941e6c3b17f638fc7a343b9537f6369b6d6b55d8d0275afc35883d233b1e13f
train,img266_20211018_Sunomata_TCA422_1000x1000,recovered-from-local-data-fold1_yolo,0941e6c3b17f638fc7a343b9537f6369b6d6b55d8d0275afc35883d233b1e13f
train,img267_20211018_Sunomata_TCA422_1000x1000,recovered-from-local-data-fold1_yolo,0941e6c3b17f638fc7a343b9537f6369b6d6b55d8d0275afc35883d233b1e13f
train,img268_20211018_Yoro_Yumebutai_1000x1000,recovered-from-local-data-fold1_yolo,0941e6c3b17f638fc7a343b9537f6369b6d6b55d8d0275afc35883d233b1e13f
train,img269_20211018_Yoro_Suiryoku_1000x1000,recovered-from-local-data-fold1_yolo,0941e6c3b17f638fc7a343b9537f6369b6d6b55d8d0275afc35883d233b1e13f
train,img271_20211018_Yoro_OkinaSP_1000x1000,recovered-from-local-data-fold1_yolo,0941e6c3b17f638fc7a343b9537f6369b6d6b55d8d0275afc35883d233b1e13f
train,img272_20211018_Yoro_Yumebutai_1000x1000,recovered-from-local-data-fold1_yolo,0941e6c3b17f638fc7a343b9537f6369b6d6b55d8d0275afc35883d233b1e13f
train,img273_20211018_Yoro_Yumebutai_1000x1000,recovered-from-local-data-fold1_yolo,0941e6c3b17f638fc7a343b9537f6369b6d6b55d8d0275afc35883d233b1e13f
train,img274_20211018_Yoro_Yumebutai_1000x1000,recovered-from-local-data-fold1_yolo,0941e6c3b17f638fc7a343b9537f6369b6d6b55d8d0275afc35883d233b1e13f
train,img275_20211018_Yoro_Yumebutai_1000x1000,recovered-from-local-data-fold1_yolo,0941e6c3b17f638fc7a343b9537f6369b6d6b55d8d0275afc35883d233b1e13f
train,img276_20211018_Yoro_Yumebutai_1000x1000,recovered-from-local-data-fold1_yolo,0941e6c3b17f638fc7a343b9537f6369b6d6b55d8d0275afc35883d233b1e13f
train,img277_20211018_Yoro_Yumebutai_1000x1000,recovered-from-local-data-fold1_yolo,0941e6c3b17f638fc7a343b9537f6369b6d6b55d8d0275afc35883d233b1e13f
train,img278_20211027_Kaizu_OkinaSP_1000x1000,recovered-from-local-data-fold1_yolo,0941e6c3b17f638fc7a343b9537f6369b6d6b55d8d0275afc35883d233b1e13f
train,img279_20211027_Kaizu_OkinaSP_1000x1000,recovered-from-local-data-fold1_yolo,0941e6c3b17f638fc7a343b9537f6369b6d6b55d8d0275afc35883d233b1e13f
train,img280_20211027_Kaizu_OkinaSP_1000x1000,recovered-from-local-data-fold1_yolo,0941e6c3b17f638fc7a343b9537f6369b6d6b55d8d0275afc35883d233b1e13f
train,img281_20211027_Kaizu_OkinaSP_1000x1000,recovered-from-local-data-fold1_yolo,0941e6c3b17f638fc7a343b9537f6369b6d6b55d8d0275afc35883d233b1e13f
train,img282_20211027_Kaizu_OkinaSP_1000x1000,recovered-from-local-data-fold1_yolo,0941e6c3b17f638fc7a343b9537f6369b6d6b55d8d0275afc35883d233b1e13f
train,img283_20211027_Sunomata_TCA422_1000x1000,recovered-from-local-data-fold1_yolo,0941e6c3b17f638fc7a343b9537f6369b6d6b55d8d0275afc35883d233b1e13f
train,img284_20211027_Sunomata_TCA422_1000x1000,recovered-from-local-data-fold1_yolo,0941e6c3b17f638fc7a343b9537f6369b6d6b55d8d0275afc35883d233b1e13f
train,img285_20211027_Sunomata_TCA422_1000x1000,recovered-from-local-data-fold1_yolo,0941e6c3b17f638fc7a343b9537f6369b6d6b55d8d0275afc35883d233b1e13f
train,img286_20211027_Sunomata_TCA422_1000x1000,recovered-from-local-data-fold1_yolo,0941e6c3b17f638fc7a343b9537f6369b6d6b55d8d0275afc35883d233b1e13f
train,img287_20211027_Sunomata_TCA422_1000x1000,recovered-from-local-data-fold1_yolo,0941e6c3b17f638fc7a343b9537f6369b6d6b55d8d0275afc35883d233b1e13f
train,img288_20211027_Sunomata_TCA422_1000x1000,recovered-from-local-data-fold1_yolo,0941e6c3b17f638fc7a343b9537f6369b6d6b55d8d0275afc35883d233b1e13f
train,img289_20211027_Sunomata_OkinaSP_1000x1000,recovered-from-local-data-fold1_yolo,0941e6c3b17f638fc7a343b9537f6369b6d6b55d8d0275afc35883d233b1e13f
train,img290_20211027_Sunomata_OkinaSP_1000x1000,recovered-from-local-data-fold1_yolo,0941e6c3b17f638fc7a343b9537f6369b6d6b55d8d0275afc35883d233b1e13f
train,img292_20211027_Sunomata_TCA422_1000x1000,recovered-from-local-data-fold1_yolo,0941e6c3b17f638fc7a343b9537f6369b6d6b55d8d0275afc35883d233b1e13f
train,img293_20211027_Yoro_Yumebutai_1000x1000,recovered-from-local-data-fold1_yolo,0941e6c3b17f638fc7a343b9537f6369b6d6b55d8d0275afc35883d233b1e13f
train,img295_20211027_Yoro_Suiryoku_1000x1000,recovered-from-local-data-fold1_yolo,0941e6c3b17f638fc7a343b9537f6369b6d6b55d8d0275afc35883d233b1e13f
train,img297_20211027_Yoro_Yumebutai_1000x1000,recovered-from-local-data-fold1_yolo,0941e6c3b17f638fc7a343b9537f6369b6d6b55d8d0275afc35883d233b1e13f
train,img299_20211027_Yoro_Yumebutai_1000x1000,recovered-from-local-data-fold1_yolo,0941e6c3b17f638fc7a343b9537f6369b6d6b55d8d0275afc35883d233b1e13f
train,img300_20211027_Yoro_OkinaSP_1000x1000,recovered-from-local-data-fold1_yolo,0941e6c3b17f638fc7a343b9537f6369b6d6b55d8d0275afc35883d233b1e13f
train,img301_20211027_Yoro_Yumebutai_1000x1000,recovered-from-local-data-fold1_yolo,0941e6c3b17f638fc7a343b9537f6369b6d6b55d8d0275afc35883d233b1e13f
train,img306_20211109_Kaizu_OkinaSP_1000x1000,recovered-from-local-data-fold1_yolo,0941e6c3b17f638fc7a343b9537f6369b6d6b55d8d0275afc35883d233b1e13f
train,img307_20211109_Kaizu_OkinaSP_1000x1000,recovered-from-local-data-fold1_yolo,0941e6c3b17f638fc7a343b9537f6369b6d6b55d8d0275afc35883d233b1e13f
train,img308_20211109_Sunomata_OkinaSP_1000x1000,recovered-from-local-data-fold1_yolo,0941e6c3b17f638fc7a343b9537f6369b6d6b55d8d0275afc35883d233b1e13f
train,img309_20211109_Sunomata_OkinaSP_1000x1000,recovered-from-local-data-fold1_yolo,0941e6c3b17f638fc7a343b9537f6369b6d6b55d8d0275afc35883d233b1e13f
train,img310_20211109_Sunomata_OkinaSP_1000x1000,recovered-from-local-data-fold1_yolo,0941e6c3b17f638fc7a343b9537f6369b6d6b55d8d0275afc35883d233b1e13f
train,img312_20211109_Sunomata_OkinaSP_1000x1000,recovered-from-local-data-fold1_yolo,0941e6c3b17f638fc7a343b9537f6369b6d6b55d8d0275afc35883d233b1e13f
train,img313_20211109_Sunomata_OkinaSP_1000x1000,recovered-from-local-data-fold1_yolo,0941e6c3b17f638fc7a343b9537f6369b6d6b55d8d0275afc35883d233b1e13f
train,img314_20211109_Sunomata_TCA422_1000x1000,recovered-from-local-data-fold1_yolo,0941e6c3b17f638fc7a343b9537f6369b6d6b55d8d0275afc35883d233b1e13f
train,img317_20211109_Sunomata_TCA422_1000x1000,recovered-from-local-data-fold1_yolo,0941e6c3b17f638fc7a343b9537f6369b6d6b55d8d0275afc35883d233b1e13f
train,img318_20211109_Yoro_Yumebutai_1000x1000,recovered-from-local-data-fold1_yolo,0941e6c3b17f638fc7a343b9537f6369b6d6b55d8d0275afc35883d233b1e13f
train,img319_20211109_Yoro_Suiryoku_1000x1000,recovered-from-local-data-fold1_yolo,0941e6c3b17f638fc7a343b9537f6369b6d6b55d8d0275afc35883d233b1e13f
train,img320_20211109_Yoro_Suiryoku_1000x1000,recovered-from-local-data-fold1_yolo,0941e6c3b17f638fc7a343b9537f6369b6d6b55d8d0275afc35883d233b1e13f
train,img323_20211109_Yoro_OkinaSP_1000x1000,recovered-from-local-data-fold1_yolo,0941e6c3b17f638fc7a343b9537f6369b6d6b55d8d0275afc35883d233b1e13f
train,img324_20211109_Yoro_OkinaSP_1000x1000,recovered-from-local-data-fold1_yolo,0941e6c3b17f638fc7a343b9537f6369b6d6b55d8d0275afc35883d233b1e13f
train,img325_20211109_Yoro_OkinaSP_1000x1000,recovered-from-local-data-fold1_yolo,0941e6c3b17f638fc7a343b9537f6369b6d6b55d8d0275afc35883d233b1e13f
train,img326_20211109_Yoro_OkinaSP_1000x1000,recovered-from-local-data-fold1_yolo,0941e6c3b17f638fc7a343b9537f6369b6d6b55d8d0275afc35883d233b1e13f
train,img327_20211109_Yoro_Yumebutai_1000x1000,recovered-from-local-data-fold1_yolo,0941e6c3b17f638fc7a343b9537f6369b6d6b55d8d0275afc35883d233b1e13f
train,img328_20211114_Yoro_Yumebutai_1000x1000,recovered-from-local-data-fold1_yolo,0941e6c3b17f638fc7a343b9537f6369b6d6b55d8d0275afc35883d233b1e13f
train,img329_20211114_Yoro_Suiryoku_1000x1000,recovered-from-local-data-fold1_yolo,0941e6c3b17f638fc7a343b9537f6369b6d6b55d8d0275afc35883d233b1e13f
train,img330_20211114_Yoro_Suiryoku_1000x1000,recovered-from-local-data-fold1_yolo,0941e6c3b17f638fc7a343b9537f6369b6d6b55d8d0275afc35883d233b1e13f
train,img331_20211114_Yoro_Suiryoku_1000x1000,recovered-from-local-data-fold1_yolo,0941e6c3b17f638fc7a343b9537f6369b6d6b55d8d0275afc35883d233b1e13f
train,img332_20211114_Yoro_Suiryoku_1000x1000,recovered-from-local-data-fold1_yolo,0941e6c3b17f638fc7a343b9537f6369b6d6b55d8d0275afc35883d233b1e13f
train,img336_20211114_Yoro_OkinaSP_1000x1000,recovered-from-local-data-fold1_yolo,0941e6c3b17f638fc7a343b9537f6369b6d6b55d8d0275afc35883d233b1e13f
train,img337_20211114_Yoro_Yumebutai_1000x1000,recovered-from-local-data-fold1_yolo,0941e6c3b17f638fc7a343b9537f6369b6d6b55d8d0275afc35883d233b1e13f
train,img339_20211126_Sunomata_OkinaSP_1000x1000,recovered-from-local-data-fold1_yolo,0941e6c3b17f638fc7a343b9537f6369b6d6b55d8d0275afc35883d233b1e13f
train,img341_20211126_Sunomata_OkinaSP_1000x1000,recovered-from-local-data-fold1_yolo,0941e6c3b17f638fc7a343b9537f6369b6d6b55d8d0275afc35883d233b1e13f
train,img343_20211126_Sunomata_OkinaSP_1000x1000,recovered-from-local-data-fold1_yolo,0941e6c3b17f638fc7a343b9537f6369b6d6b55d8d0275afc35883d233b1e13f
train,img344_20211126_Sunomata_TCA422_1000x1000,recovered-from-local-data-fold1_yolo,0941e6c3b17f638fc7a343b9537f6369b6d6b55d8d0275afc35883d233b1e13f
train,img346_20211126_Sunomata_TCA422_1000x1000,recovered-from-local-data-fold1_yolo,0941e6c3b17f638fc7a343b9537f6369b6d6b55d8d0275afc35883d233b1e13f
train,img347_20211126_Sunomata_TCA422_1000x1000,recovered-from-local-data-fold1_yolo,0941e6c3b17f638fc7a343b9537f6369b6d6b55d8d0275afc35883d233b1e13f
train,img349_20220909_Yoro_Yumebutai_1000x1000,recovered-from-local-data-fold1_yolo,0941e6c3b17f638fc7a343b9537f6369b6d6b55d8d0275afc35883d233b1e13f
train,img350_20220909_Yoro_Yumebutai_1000x1000,recovered-from-local-data-fold1_yolo,0941e6c3b17f638fc7a343b9537f6369b6d6b55d8d0275afc35883d233b1e13f
train,img351_20220909_Yoro_Suiryoku_1000x1000,recovered-from-local-data-fold1_yolo,0941e6c3b17f638fc7a343b9537f6369b6d6b55d8d0275afc35883d233b1e13f
train,img353_20220909_Yoro_Suiryoku_1000x1000,recovered-from-local-data-fold1_yolo,0941e6c3b17f638fc7a343b9537f6369b6d6b55d8d0275afc35883d233b1e13f
train,img354_20220909_Yoro_Suiryoku_1000x1000,recovered-from-local-data-fold1_yolo,0941e6c3b17f638fc7a343b9537f6369b6d6b55d8d0275afc35883d233b1e13f
train,img356_20220909_Yoro_OkinaSP_1000x1000,recovered-from-local-data-fold1_yolo,0941e6c3b17f638fc7a343b9537f6369b6d6b55d8d0275afc35883d233b1e13f
train,img358_20220909_Yoro_OkinaSP_1000x1000,recovered-from-local-data-fold1_yolo,0941e6c3b17f638fc7a343b9537f6369b6d6b55d8d0275afc35883d233b1e13f
train,img360_20220909_Yoro_OkinaSP_1000x1000,recovered-from-local-data-fold1_yolo,0941e6c3b17f638fc7a343b9537f6369b6d6b55d8d0275afc35883d233b1e13f
train,img361_20220909_Yoro_OkinaSP_1000x1000,recovered-from-local-data-fold1_yolo,0941e6c3b17f638fc7a343b9537f6369b6d6b55d8d0275afc35883d233b1e13f
train,img362_20220909_Yoro_RedCabbage_1000x1000,recovered-from-local-data-fold1_yolo,0941e6c3b17f638fc7a343b9537f6369b6d6b55d8d0275afc35883d233b1e13f
train,img363_20220909_Yoro_RedCabbage_1000x1000,recovered-from-local-data-fold1_yolo,0941e6c3b17f638fc7a343b9537f6369b6d6b55d8d0275afc35883d233b1e13f
train,img364_20220909_Yoro_RedCabbage_1000x1000,recovered-from-local-data-fold1_yolo,0941e6c3b17f638fc7a343b9537f6369b6d6b55d8d0275afc35883d233b1e13f
train,img365_20220909_Yoro_Yumebutai_1000x1000,recovered-from-local-data-fold1_yolo,0941e6c3b17f638fc7a343b9537f6369b6d6b55d8d0275afc35883d233b1e13f
train,img366_20220909_Yoro_Yumebutai_1000x1000,recovered-from-local-data-fold1_yolo,0941e6c3b17f638fc7a343b9537f6369b6d6b55d8d0275afc35883d233b1e13f
train,img368_20220910_Sunomata_OkinaSP_1000x1000,recovered-from-local-data-fold1_yolo,0941e6c3b17f638fc7a343b9537f6369b6d6b55d8d0275afc35883d233b1e13f
train,img369_20220910_Sunomata_OkinaSP_1000x1000,recovered-from-local-data-fold1_yolo,0941e6c3b17f638fc7a343b9537f6369b6d6b55d8d0275afc35883d233b1e13f
train,img370_20220910_Sunomata_OkinaSP_1000x1000,recovered-from-local-data-fold1_yolo,0941e6c3b17f638fc7a343b9537f6369b6d6b55d8d0275afc35883d233b1e13f
train,img371_20220910_Sunomata_OkinaSP_1000x1000,recovered-from-local-data-fold1_yolo,0941e6c3b17f638fc7a343b9537f6369b6d6b55d8d0275afc35883d233b1e13f
train,img372_20220910_Sunomata_OkinaSP_1000x1000,recovered-from-local-data-fold1_yolo,0941e6c3b17f638fc7a343b9537f6369b6d6b55d8d0275afc35883d233b1e13f
train,img373_20220910_Sunomata_OkinaSP_1000x1000,recovered-from-local-data-fold1_yolo,0941e6c3b17f638fc7a343b9537f6369b6d6b55d8d0275afc35883d233b1e13f
train,img374_20220910_Sunomata_OkinaSP_1000x1000,recovered-from-local-data-fold1_yolo,0941e6c3b17f638fc7a343b9537f6369b6d6b55d8d0275afc35883d233b1e13f
train,img375_20220910_Sunomata_OkinaSP_1000x1000,recovered-from-local-data-fold1_yolo,0941e6c3b17f638fc7a343b9537f6369b6d6b55d8d0275afc35883d233b1e13f
train,img376_20220910_Sunomata_OkinaSP_1000x1000,recovered-from-local-data-fold1_yolo,0941e6c3b17f638fc7a343b9537f6369b6d6b55d8d0275afc35883d233b1e13f
train,img377_20220910_Sunomata_OkinaSP_1000x1000,recovered-from-local-data-fold1_yolo,0941e6c3b17f638fc7a343b9537f6369b6d6b55d8d0275afc35883d233b1e13f
train,img378_20220926_Sunomata_OkinaSP_1000x1000,recovered-from-local-data-fold1_yolo,0941e6c3b17f638fc7a343b9537f6369b6d6b55d8d0275afc35883d233b1e13f
train,img380_20220926_Sunomata_OkinaSP_1000x1000,recovered-from-local-data-fold1_yolo,0941e6c3b17f638fc7a343b9537f6369b6d6b55d8d0275afc35883d233b1e13f
train,img382_20220926_Sunomata_OkinaSP_1000x1000,recovered-from-local-data-fold1_yolo,0941e6c3b17f638fc7a343b9537f6369b6d6b55d8d0275afc35883d233b1e13f
train,img384_20220926_Sunomata_OkinaSP_1000x1000,recovered-from-local-data-fold1_yolo,0941e6c3b17f638fc7a343b9537f6369b6d6b55d8d0275afc35883d233b1e13f
train,img387_20220926_Sunomata_OkinaSP_1000x1000,recovered-from-local-data-fold1_yolo,0941e6c3b17f638fc7a343b9537f6369b6d6b55d8d0275afc35883d233b1e13f
train,img388_20220926_Yoro_Yumebutai_1000x1000,recovered-from-local-data-fold1_yolo,0941e6c3b17f638fc7a343b9537f6369b6d6b55d8d0275afc35883d233b1e13f
train,img391_20220926_Yoro_OkinaSP_1000x1000,recovered-from-local-data-fold1_yolo,0941e6c3b17f638fc7a343b9537f6369b6d6b55d8d0275afc35883d233b1e13f
train,img394_20220926_Yoro_RedCabbage_1000x1000,recovered-from-local-data-fold1_yolo,0941e6c3b17f638fc7a343b9537f6369b6d6b55d8d0275afc35883d233b1e13f
train,img397_20220926_Yoro_Yumebutai_1000x1000,recovered-from-local-data-fold1_yolo,0941e6c3b17f638fc7a343b9537f6369b6d6b55d8d0275afc35883d233b1e13f
train,img399_20221020_Yoro_Yumebutai_1000x1000,recovered-from-local-data-fold1_yolo,0941e6c3b17f638fc7a343b9537f6369b6d6b55d8d0275afc35883d233b1e13f
train,img400_20221020_Yoro_Yumebutai_1000x1000,recovered-from-local-data-fold1_yolo,0941e6c3b17f638fc7a343b9537f6369b6d6b55d8d0275afc35883d233b1e13f
train,img403_20221020_Yoro_OkinaSP_1000x1000,recovered-from-local-data-fold1_yolo,0941e6c3b17f638fc7a343b9537f6369b6d6b55d8d0275afc35883d233b1e13f
train,img405_20221020_Yoro_OkinaSP_1000x1000,recovered-from-local-data-fold1_yolo,0941e6c3b17f638fc7a343b9537f6369b6d6b55d8d0275afc35883d233b1e13f
train,img406_20221020_Yoro_RedCabbage_1000x1000,recovered-from-local-data-fold1_yolo,0941e6c3b17f638fc7a343b9537f6369b6d6b55d8d0275afc35883d233b1e13f
train,img407_20221020_Yoro_RedCabbage_1000x1000,recovered-from-local-data-fold1_yolo,0941e6c3b17f638fc7a343b9537f6369b6d6b55d8d0275afc35883d233b1e13f
train,img408_20221021_Sunomata_OkinaSP_1000x1000,recovered-from-local-data-fold1_yolo,0941e6c3b17f638fc7a343b9537f6369b6d6b55d8d0275afc35883d233b1e13f
train,img409_20221021_Sunomata_OkinaSP_1000x1000,recovered-from-local-data-fold1_yolo,0941e6c3b17f638fc7a343b9537f6369b6d6b55d8d0275afc35883d233b1e13f
train,img410_20221021_Sunomata_TCA422_1000x1000,recovered-from-local-data-fold1_yolo,0941e6c3b17f638fc7a343b9537f6369b6d6b55d8d0275afc35883d233b1e13f
train,img411_20221021_Sunomata_TCA422_1000x1000,recovered-from-local-data-fold1_yolo,0941e6c3b17f638fc7a343b9537f6369b6d6b55d8d0275afc35883d233b1e13f
train,img412_20221021_Sunomata_TCA422_1000x1000,recovered-from-local-data-fold1_yolo,0941e6c3b17f638fc7a343b9537f6369b6d6b55d8d0275afc35883d233b1e13f
train,img413_20221021_Sunomata_TCA422_1000x1000,recovered-from-local-data-fold1_yolo,0941e6c3b17f638fc7a343b9537f6369b6d6b55d8d0275afc35883d233b1e13f
train,img416_20221021_Sunomata_Yumegoromo_1000x1000,recovered-from-local-data-fold1_yolo,0941e6c3b17f638fc7a343b9537f6369b6d6b55d8d0275afc35883d233b1e13f
train,img418_20221104_Yoro_Yumebutai_1000x1000,recovered-from-local-data-fold1_yolo,0941e6c3b17f638fc7a343b9537f6369b6d6b55d8d0275afc35883d233b1e13f
train,img419_20221104_Yoro_Yumebutai_1000x1000,recovered-from-local-data-fold1_yolo,0941e6c3b17f638fc7a343b9537f6369b6d6b55d8d0275afc35883d233b1e13f
train,img420_20221104_Yoro_Suiryoku_1000x1000,recovered-from-local-data-fold1_yolo,0941e6c3b17f638fc7a343b9537f6369b6d6b55d8d0275afc35883d233b1e13f
train,img421_20221104_Yoro_OkinaSP_1000x1000,recovered-from-local-data-fold1_yolo,0941e6c3b17f638fc7a343b9537f6369b6d6b55d8d0275afc35883d233b1e13f
train,img422_20221104_Yoro_OkinaSP_1000x1000,recovered-from-local-data-fold1_yolo,0941e6c3b17f638fc7a343b9537f6369b6d6b55d8d0275afc35883d233b1e13f
train,img425_20221104_Yoro_RedCabbage_1000x1000,recovered-from-local-data-fold1_yolo,0941e6c3b17f638fc7a343b9537f6369b6d6b55d8d0275afc35883d233b1e13f
train,img426_20221104_Yoro_RedCabbage_1000x1000,recovered-from-local-data-fold1_yolo,0941e6c3b17f638fc7a343b9537f6369b6d6b55d8d0275afc35883d233b1e13f
train,img427_20221104_Yoro_Yumebutai_1000x1000,recovered-from-local-data-fold1_yolo,0941e6c3b17f638fc7a343b9537f6369b6d6b55d8d0275afc35883d233b1e13f
train,img429_20221121_Yoro_Suiryoku_1000x1000,recovered-from-local-data-fold1_yolo,0941e6c3b17f638fc7a343b9537f6369b6d6b55d8d0275afc35883d233b1e13f
train,img430_20221121_Yoro_Suiryoku_1000x1000,recovered-from-local-data-fold1_yolo,0941e6c3b17f638fc7a343b9537f6369b6d6b55d8d0275afc35883d233b1e13f
train,img431_20221121_Yoro_OkinaSP_1000x1000,recovered-from-local-data-fold1_yolo,0941e6c3b17f638fc7a343b9537f6369b6d6b55d8d0275afc35883d233b1e13f
train,img433_20221121_Yoro_RedCabbage_1000x1000,recovered-from-local-data-fold1_yolo,0941e6c3b17f638fc7a343b9537f6369b6d6b55d8d0275afc35883d233b1e13f
train,img434_20221121_Yoro_RedCabbage_1000x1000,recovered-from-local-data-fold1_yolo,0941e6c3b17f638fc7a343b9537f6369b6d6b55d8d0275afc35883d233b1e13f
train,img435_20221121_Yoro_RedCabbage_1000x1000,recovered-from-local-data-fold1_yolo,0941e6c3b17f638fc7a343b9537f6369b6d6b55d8d0275afc35883d233b1e13f
train,img436_20221121_Yoro_Yumebutai_1000x1000,recovered-from-local-data-fold1_yolo,0941e6c3b17f638fc7a343b9537f6369b6d6b55d8d0275afc35883d233b1e13f
train,img438_20221205_Sunomata_OkinaSP_1000x1000,recovered-from-local-data-fold1_yolo,0941e6c3b17f638fc7a343b9537f6369b6d6b55d8d0275afc35883d233b1e13f
train,img439_20221205_Sunomata_OkinaSP_1000x1000,recovered-from-local-data-fold1_yolo,0941e6c3b17f638fc7a343b9537f6369b6d6b55d8d0275afc35883d233b1e13f
train,img441_20221205_Sunomata_TCA422_1000x1000,recovered-from-local-data-fold1_yolo,0941e6c3b17f638fc7a343b9537f6369b6d6b55d8d0275afc35883d233b1e13f
train,img442_20221205_Sunomata_TCA422_1000x1000,recovered-from-local-data-fold1_yolo,0941e6c3b17f638fc7a343b9537f6369b6d6b55d8d0275afc35883d233b1e13f
train,img443_20221205_Sunomata_TCA422_1000x1000,recovered-from-local-data-fold1_yolo,0941e6c3b17f638fc7a343b9537f6369b6d6b55d8d0275afc35883d233b1e13f
train,img444_20221205_Sunomata_Yumegoromo_1000x1000,recovered-from-local-data-fold1_yolo,0941e6c3b17f638fc7a343b9537f6369b6d6b55d8d0275afc35883d233b1e13f
train,img446_20221205_Sunomata_OkinaSP_1000x1000,recovered-from-local-data-fold1_yolo,0941e6c3b17f638fc7a343b9537f6369b6d6b55d8d0275afc35883d233b1e13f
train,img447_20221205_Sunomata_OkinaSP_1000x1000,recovered-from-local-data-fold1_yolo,0941e6c3b17f638fc7a343b9537f6369b6d6b55d8d0275afc35883d233b1e13f
train,img448_20221207_Yoro_Yumebutai_1000x1000,recovered-from-local-data-fold1_yolo,0941e6c3b17f638fc7a343b9537f6369b6d6b55d8d0275afc35883d233b1e13f
train,img451_20221207_Yoro_Suiryoku_1000x1000,recovered-from-local-data-fold1_yolo,0941e6c3b17f638fc7a343b9537f6369b6d6b55d8d0275afc35883d233b1e13f
train,img453_20221207_Yoro_RedCabbage_1000x1000,recovered-from-local-data-fold1_yolo,0941e6c3b17f638fc7a343b9537f6369b6d6b55d8d0275afc35883d233b1e13f
train,img454_20221207_Yoro_RedCabbage_1000x1000,recovered-from-local-data-fold1_yolo,0941e6c3b17f638fc7a343b9537f6369b6d6b55d8d0275afc35883d233b1e13f
train,img456_20221207_Yoro_Yumebutai_1000x1000,recovered-from-local-data-fold1_yolo,0941e6c3b17f638fc7a343b9537f6369b6d6b55d8d0275afc35883d233b1e13f
val,img027_20201027_Kaizu_TCA422_515x515,recovered-from-local-data-fold1_yolo,0941e6c3b17f638fc7a343b9537f6369b6d6b55d8d0275afc35883d233b1e13f
val,img029_20201027_Kaizu_TCA422_515x515,recovered-from-local-data-fold1_yolo,0941e6c3b17f638fc7a343b9537f6369b6d6b55d8d0275afc35883d233b1e13f
val,img068_20201027_Kaizu_TCA422_515x515,recovered-from-local-data-fold1_yolo,0941e6c3b17f638fc7a343b9537f6369b6d6b55d8d0275afc35883d233b1e13f
val,img070_20201027_Kaizu_TCA422_515x515,recovered-from-local-data-fold1_yolo,0941e6c3b17f638fc7a343b9537f6369b6d6b55d8d0275afc35883d233b1e13f
val,img075_20201027_Kaizu_TCA422_515x515,recovered-from-local-data-fold1_yolo,0941e6c3b17f638fc7a343b9537f6369b6d6b55d8d0275afc35883d233b1e13f
val,img080_20201027_Kaizu_TCA422_900x900,recovered-from-local-data-fold1_yolo,0941e6c3b17f638fc7a343b9537f6369b6d6b55d8d0275afc35883d233b1e13f
val,img101_20201027_Kaizu_TCA422_900x900,recovered-from-local-data-fold1_yolo,0941e6c3b17f638fc7a343b9537f6369b6d6b55d8d0275afc35883d233b1e13f
val,img122_20210916_Sunomata_OkinaSP_550x550,recovered-from-local-data-fold1_yolo,0941e6c3b17f638fc7a343b9537f6369b6d6b55d8d0275afc35883d233b1e13f
val,img124_20210916_Sunomata_TCA422_550x550,recovered-from-local-data-fold1_yolo,0941e6c3b17f638fc7a343b9537f6369b6d6b55d8d0275afc35883d233b1e13f
val,img139_20210907_Kaizu_OkinaSP_1000x1000,recovered-from-local-data-fold1_yolo,0941e6c3b17f638fc7a343b9537f6369b6d6b55d8d0275afc35883d233b1e13f
val,img142_20210907_Kaizu_OkinaSP_1000x1000,recovered-from-local-data-fold1_yolo,0941e6c3b17f638fc7a343b9537f6369b6d6b55d8d0275afc35883d233b1e13f
val,img146_20210907_Yoro_Suiryoku_1000x1000,recovered-from-local-data-fold1_yolo,0941e6c3b17f638fc7a343b9537f6369b6d6b55d8d0275afc35883d233b1e13f
val,img161_20210916_Sunomata_OkinaSP_1000x1000,recovered-from-local-data-fold1_yolo,0941e6c3b17f638fc7a343b9537f6369b6d6b55d8d0275afc35883d233b1e13f
val,img172_20210921_Yoro_Suiryoku_1000x1000,recovered-from-local-data-fold1_yolo,0941e6c3b17f638fc7a343b9537f6369b6d6b55d8d0275afc35883d233b1e13f
val,img176_20210921_Yoro_OkinaSP_1000x1000,recovered-from-local-data-fold1_yolo,0941e6c3b17f638fc7a343b9537f6369b6d6b55d8d0275afc35883d233b1e13f
val,img194_20210927_Yoro_Yumebutai_1000x1000,recovered-from-local-data-fold1_yolo,0941e6c3b17f638fc7a343b9537f6369b6d6b55d8d0275afc35883d233b1e13f
val,img196_20210927_Yoro_Yumebutai_1000x1000,recovered-from-local-data-fold1_yolo,0941e6c3b17f638fc7a343b9537f6369b6d6b55d8d0275afc35883d233b1e13f
val,img208_20211005_Sunomata_TCA422_1000x1000,recovered-from-local-data-fold1_yolo,0941e6c3b17f638fc7a343b9537f6369b6d6b55d8d0275afc35883d233b1e13f
val,img215_20211005_Sunomata_OkinaSP_1000x1000,recovered-from-local-data-fold1_yolo,0941e6c3b17f638fc7a343b9537f6369b6d6b55d8d0275afc35883d233b1e13f
val,img219_20211005_Yoro_Yumebutai_1000x1000,recovered-from-local-data-fold1_yolo,0941e6c3b17f638fc7a343b9537f6369b6d6b55d8d0275afc35883d233b1e13f
val,img225_20211005_Yoro_OkinaSP_1000x1000,recovered-from-local-data-fold1_yolo,0941e6c3b17f638fc7a343b9537f6369b6d6b55d8d0275afc35883d233b1e13f
val,img242_20211011_Sunomata_TCA422_1000x1000,recovered-from-local-data-fold1_yolo,0941e6c3b17f638fc7a343b9537f6369b6d6b55d8d0275afc35883d233b1e13f
val,img243_20211011_Yoro_Yumebutai_1000x1000,recovered-from-local-data-fold1_yolo,0941e6c3b17f638fc7a343b9537f6369b6d6b55d8d0275afc35883d233b1e13f
val,img244_20211011_Yoro_Suiryoku_1000x1000,recovered-from-local-data-fold1_yolo,0941e6c3b17f638fc7a343b9537f6369b6d6b55d8d0275afc35883d233b1e13f
val,img246_20211011_Yoro_Suiryoku_1000x1000,recovered-from-local-data-fold1_yolo,0941e6c3b17f638fc7a343b9537f6369b6d6b55d8d0275afc35883d233b1e13f
val,img270_20211018_Yoro_OkinaSP_1000x1000,recovered-from-local-data-fold1_yolo,0941e6c3b17f638fc7a343b9537f6369b6d6b55d8d0275afc35883d233b1e13f
val,img291_20211027_Sunomata_OkinaSP_1000x1000,recovered-from-local-data-fold1_yolo,0941e6c3b17f638fc7a343b9537f6369b6d6b55d8d0275afc35883d233b1e13f
val,img305_20211109_Kaizu_OkinaSP_1000x1000,recovered-from-local-data-fold1_yolo,0941e6c3b17f638fc7a343b9537f6369b6d6b55d8d0275afc35883d233b1e13f
val,img315_20211109_Sunomata_TCA422_1000x1000,recovered-from-local-data-fold1_yolo,0941e6c3b17f638fc7a343b9537f6369b6d6b55d8d0275afc35883d233b1e13f
val,img321_20211109_Yoro_OkinaSP_1000x1000,recovered-from-local-data-fold1_yolo,0941e6c3b17f638fc7a343b9537f6369b6d6b55d8d0275afc35883d233b1e13f
val,img338_20211126_Sunomata_TCA422_1000x1000,recovered-from-local-data-fold1_yolo,0941e6c3b17f638fc7a343b9537f6369b6d6b55d8d0275afc35883d233b1e13f
val,img342_20211126_Sunomata_OkinaSP_1000x1000,recovered-from-local-data-fold1_yolo,0941e6c3b17f638fc7a343b9537f6369b6d6b55d8d0275afc35883d233b1e13f
val,img345_20211126_Sunomata_TCA422_1000x1000,recovered-from-local-data-fold1_yolo,0941e6c3b17f638fc7a343b9537f6369b6d6b55d8d0275afc35883d233b1e13f
val,img367_20220909_Yoro_Yumebutai_1000x1000,recovered-from-local-data-fold1_yolo,0941e6c3b17f638fc7a343b9537f6369b6d6b55d8d0275afc35883d233b1e13f
val,img381_20220926_Sunomata_OkinaSP_1000x1000,recovered-from-local-data-fold1_yolo,0941e6c3b17f638fc7a343b9537f6369b6d6b55d8d0275afc35883d233b1e13f
val,img383_20220926_Sunomata_OkinaSP_1000x1000,recovered-from-local-data-fold1_yolo,0941e6c3b17f638fc7a343b9537f6369b6d6b55d8d0275afc35883d233b1e13f
val,img393_20220926_Yoro_OkinaSP_1000x1000,recovered-from-local-data-fold1_yolo,0941e6c3b17f638fc7a343b9537f6369b6d6b55d8d0275afc35883d233b1e13f
val,img396_20220926_Yoro_RedCabbage_1000x1000,recovered-from-local-data-fold1_yolo,0941e6c3b17f638fc7a343b9537f6369b6d6b55d8d0275afc35883d233b1e13f
val,img401_20221020_Yoro_Yumebutai_1000x1000,recovered-from-local-data-fold1_yolo,0941e6c3b17f638fc7a343b9537f6369b6d6b55d8d0275afc35883d233b1e13f
val,img414_20221021_Sunomata_TCA422_1000x1000,recovered-from-local-data-fold1_yolo,0941e6c3b17f638fc7a343b9537f6369b6d6b55d8d0275afc35883d233b1e13f
val,img432_20221121_Yoro_OkinaSP_1000x1000,recovered-from-local-data-fold1_yolo,0941e6c3b17f638fc7a343b9537f6369b6d6b55d8d0275afc35883d233b1e13f
val,img437_20221121_Yoro_Yumebutai_1000x1000,recovered-from-local-data-fold1_yolo,0941e6c3b17f638fc7a343b9537f6369b6d6b55d8d0275afc35883d233b1e13f
val,img440_20221205_Sunomata_OkinaSP_1000x1000,recovered-from-local-data-fold1_yolo,0941e6c3b17f638fc7a343b9537f6369b6d6b55d8d0275afc35883d233b1e13f
val,img449_20221207_Yoro_Yumebutai_1000x1000,recovered-from-local-data-fold1_yolo,0941e6c3b17f638fc7a343b9537f6369b6d6b55d8d0275afc35883d233b1e13f
val,img455_20221207_Yoro_RedCabbage_1000x1000,recovered-from-local-data-fold1_yolo,0941e6c3b17f638fc7a343b9537f6369b6d6b55d8d0275afc35883d233b1e13f
val,img457_20221207_Yoro_Yumebutai_1000x1000,recovered-from-local-data-fold1_yolo,0941e6c3b17f638fc7a343b9537f6369b6d6b55d8d0275afc35883d233b1e13f
test,img001_20201027_Kaizu_TCA422_515x515,recovered-from-local-data-fold1_yolo,0941e6c3b17f638fc7a343b9537f6369b6d6b55d8d0275afc35883d233b1e13f
test,img009_20201027_Kaizu_TCA422_515x515,recovered-from-local-data-fold1_yolo,0941e6c3b17f638fc7a343b9537f6369b6d6b55d8d0275afc35883d233b1e13f
test,img010_20201027_Kaizu_TCA422_515x515,recovered-from-local-data-fold1_yolo,0941e6c3b17f638fc7a343b9537f6369b6d6b55d8d0275afc35883d233b1e13f
test,img015_20201027_Kaizu_TCA422_515x515,recovered-from-local-data-fold1_yolo,0941e6c3b17f638fc7a343b9537f6369b6d6b55d8d0275afc35883d233b1e13f
test,img019_20201027_Kaizu_TCA422_515x515,recovered-from-local-data-fold1_yolo,0941e6c3b17f638fc7a343b9537f6369b6d6b55d8d0275afc35883d233b1e13f
test,img020_20201027_Kaizu_TCA422_515x515,recovered-from-local-data-fold1_yolo,0941e6c3b17f638fc7a343b9537f6369b6d6b55d8d0275afc35883d233b1e13f
test,img026_20201027_Kaizu_TCA422_515x515,recovered-from-local-data-fold1_yolo,0941e6c3b17f638fc7a343b9537f6369b6d6b55d8d0275afc35883d233b1e13f
test,img028_20201027_Kaizu_TCA422_515x515,recovered-from-local-data-fold1_yolo,0941e6c3b17f638fc7a343b9537f6369b6d6b55d8d0275afc35883d233b1e13f
test,img035_20201027_Kaizu_TCA422_515x515,recovered-from-local-data-fold1_yolo,0941e6c3b17f638fc7a343b9537f6369b6d6b55d8d0275afc35883d233b1e13f
test,img039_20201027_Kaizu_OkinaSP_515x515,recovered-from-local-data-fold1_yolo,0941e6c3b17f638fc7a343b9537f6369b6d6b55d8d0275afc35883d233b1e13f
test,img041_20201027_Kaizu_OkinaSP_515x515,recovered-from-local-data-fold1_yolo,0941e6c3b17f638fc7a343b9537f6369b6d6b55d8d0275afc35883d233b1e13f
test,img043_20201027_Kaizu_OkinaSP_515x515,recovered-from-local-data-fold1_yolo,0941e6c3b17f638fc7a343b9537f6369b6d6b55d8d0275afc35883d233b1e13f
test,img045_20201027_Kaizu_OkinaSP_515x515,recovered-from-local-data-fold1_yolo,0941e6c3b17f638fc7a343b9537f6369b6d6b55d8d0275afc35883d233b1e13f
test,img046_20201027_Kaizu_OkinaSP_515x515,recovered-from-local-data-fold1_yolo,0941e6c3b17f638fc7a343b9537f6369b6d6b55d8d0275afc35883d233b1e13f
test,img051_20201027_Kaizu_OkinaSP_515x515,recovered-from-local-data-fold1_yolo,0941e6c3b17f638fc7a343b9537f6369b6d6b55d8d0275afc35883d233b1e13f
test,img056_20201027_Kaizu_OkinaSP_515x515,recovered-from-local-data-fold1_yolo,0941e6c3b17f638fc7a343b9537f6369b6d6b55d8d0275afc35883d233b1e13f
test,img058_20201027_Kaizu_OkinaSP_515x515,recovered-from-local-data-fold1_yolo,0941e6c3b17f638fc7a343b9537f6369b6d6b55d8d0275afc35883d233b1e13f
test,img061_20201027_Kaizu_TCA422_515x515,recovered-from-local-data-fold1_yolo,0941e6c3b17f638fc7a343b9537f6369b6d6b55d8d0275afc35883d233b1e13f
test,img062_20201027_Kaizu_TCA422_515x515,recovered-from-local-data-fold1_yolo,0941e6c3b17f638fc7a343b9537f6369b6d6b55d8d0275afc35883d233b1e13f
test,img065_20201027_Kaizu_TCA422_515x515,recovered-from-local-data-fold1_yolo,0941e6c3b17f638fc7a343b9537f6369b6d6b55d8d0275afc35883d233b1e13f
test,img072_20201027_Kaizu_TCA422_515x515,recovered-from-local-data-fold1_yolo,0941e6c3b17f638fc7a343b9537f6369b6d6b55d8d0275afc35883d233b1e13f
test,img076_20201027_Kaizu_TCA422_515x515,recovered-from-local-data-fold1_yolo,0941e6c3b17f638fc7a343b9537f6369b6d6b55d8d0275afc35883d233b1e13f
test,img083_20201027_Kaizu_TCA422_900x900,recovered-from-local-data-fold1_yolo,0941e6c3b17f638fc7a343b9537f6369b6d6b55d8d0275afc35883d233b1e13f
test,img084_20201027_Kaizu_TCA422_900x900,recovered-from-local-data-fold1_yolo,0941e6c3b17f638fc7a343b9537f6369b6d6b55d8d0275afc35883d233b1e13f
test,img089_20201027_Kaizu_TCA422_900x900,recovered-from-local-data-fold1_yolo,0941e6c3b17f638fc7a343b9537f6369b6d6b55d8d0275afc35883d233b1e13f
test,img091_20201027_Kaizu_TCA422_900x900,recovered-from-local-data-fold1_yolo,0941e6c3b17f638fc7a343b9537f6369b6d6b55d8d0275afc35883d233b1e13f
test,img092_20201027_Kaizu_TCA422_900x900,recovered-from-local-data-fold1_yolo,0941e6c3b17f638fc7a343b9537f6369b6d6b55d8d0275afc35883d233b1e13f
test,img093_20201027_Kaizu_TCA422_900x900,recovered-from-local-data-fold1_yolo,0941e6c3b17f638fc7a343b9537f6369b6d6b55d8d0275afc35883d233b1e13f
test,img096_20201027_Kaizu_TCA422_900x900,recovered-from-local-data-fold1_yolo,0941e6c3b17f638fc7a343b9537f6369b6d6b55d8d0275afc35883d233b1e13f
test,img097_20201027_Kaizu_TCA422_900x900,recovered-from-local-data-fold1_yolo,0941e6c3b17f638fc7a343b9537f6369b6d6b55d8d0275afc35883d233b1e13f
test,img110_20210916_Kaizu_OkinaSP_550x550,recovered-from-local-data-fold1_yolo,0941e6c3b17f638fc7a343b9537f6369b6d6b55d8d0275afc35883d233b1e13f
test,img111_20210916_Kaizu_OkinaSP_550x550,recovered-from-local-data-fold1_yolo,0941e6c3b17f638fc7a343b9537f6369b6d6b55d8d0275afc35883d233b1e13f
test,img116_20210916_Kaizu_OkinaSP_550x550,recovered-from-local-data-fold1_yolo,0941e6c3b17f638fc7a343b9537f6369b6d6b55d8d0275afc35883d233b1e13f
test,img120_20210916_Sunomata_TCA422_550x550,recovered-from-local-data-fold1_yolo,0941e6c3b17f638fc7a343b9537f6369b6d6b55d8d0275afc35883d233b1e13f
test,img121_20210916_Sunomata_OkinaSP_550x550,recovered-from-local-data-fold1_yolo,0941e6c3b17f638fc7a343b9537f6369b6d6b55d8d0275afc35883d233b1e13f
test,img123_20210916_Sunomata_OkinaSP_550x550,recovered-from-local-data-fold1_yolo,0941e6c3b17f638fc7a343b9537f6369b6d6b55d8d0275afc35883d233b1e13f
test,img127_20210916_Sunomata_TCA422_550x550,recovered-from-local-data-fold1_yolo,0941e6c3b17f638fc7a343b9537f6369b6d6b55d8d0275afc35883d233b1e13f
test,img131_20211126_Sunomata_OkinaSP_550x550,recovered-from-local-data-fold1_yolo,0941e6c3b17f638fc7a343b9537f6369b6d6b55d8d0275afc35883d233b1e13f
test,img134_20211126_Sunomata_OkinaSP_550x550,recovered-from-local-data-fold1_yolo,0941e6c3b17f638fc7a343b9537f6369b6d6b55d8d0275afc35883d233b1e13f
test,img135_20211126_Sunomata_OkinaSP_550x550,recovered-from-local-data-fold1_yolo,0941e6c3b17f638fc7a343b9537f6369b6d6b55d8d0275afc35883d233b1e13f
test,img163_20210916_Sunomata_OkinaSP_1000x1000,recovered-from-local-data-fold1_yolo,0941e6c3b17f638fc7a343b9537f6369b6d6b55d8d0275afc35883d233b1e13f
test,img168_20210921_Yoro_Yumebutai_1000x1000,recovered-from-local-data-fold1_yolo,0941e6c3b17f638fc7a343b9537f6369b6d6b55d8d0275afc35883d233b1e13f
test,img182_20210927_Kaizu_OkinaSP_1000x1000,recovered-from-local-data-fold1_yolo,0941e6c3b17f638fc7a343b9537f6369b6d6b55d8d0275afc35883d233b1e13f
test,img188_20210927_Sunomata_OkinaSP_1000x1000,recovered-from-local-data-fold1_yolo,0941e6c3b17f638fc7a343b9537f6369b6d6b55d8d0275afc35883d233b1e13f
test,img192_20210927_Sunomata_TCA422_1000x1000,recovered-from-local-data-fold1_yolo,0941e6c3b17f638fc7a343b9537f6369b6d6b55d8d0275afc35883d233b1e13f
test,img199_20210927_Yoro_OkinaSP_1000x1000,recovered-from-local-data-fold1_yolo,0941e6c3b17f638fc7a343b9537f6369b6d6b55d8d0275afc35883d233b1e13f
test,img202_20210927_Yoro_OkinaSP_1000x1000,recovered-from-local-data-fold1_yolo,0941e6c3b17f638fc7a343b9537f6369b6d6b55d8d0275afc35883d233b1e13f
test,img203_20211005_Kaizu_OkinaSP_1000x1000,recovered-from-local-data-fold1_yolo,0941e6c3b17f638fc7a343b9537f6369b6d6b55d8d0275afc35883d233b1e13f
test,img213_20211005_Sunomata_OkinaSP_1000x1000,recovered-from-local-data-fold1_yolo,0941e6c3b17f638fc7a343b9537f6369b6d6b55d8d0275afc35883d233b1e13f
test,img218_20211005_Yoro_Yumebutai_1000x1000,recovered-from-local-data-fold1_yolo,0941e6c3b17f638fc7a343b9537f6369b6d6b55d8d0275afc35883d233b1e13f
test,img221_20211005_Yoro_Suiryoku_1000x1000,recovered-from-local-data-fold1_yolo,0941e6c3b17f638fc7a343b9537f6369b6d6b55d8d0275afc35883d233b1e13f
test,img232_20211011_Kaizu_OkinaSP_1000x1000,recovered-from-local-data-fold1_yolo,0941e6c3b17f638fc7a343b9537f6369b6d6b55d8d0275afc35883d233b1e13f
test,img233_20211011_Sunomata_TCA422_1000x1000,recovered-from-local-data-fold1_yolo,0941e6c3b17f638fc7a343b9537f6369b6d6b55d8d0275afc35883d233b1e13f
test,img234_20211011_Sunomata_OkinaSP_1000x1000,recovered-from-local-data-fold1_yolo,0941e6c3b17f638fc7a343b9537f6369b6d6b55d8d0275afc35883d233b1e13f
test,img240_20211011_Sunomata_TCA422_1000x1000,recovered-from-local-data-fold1_yolo,0941e6c3b17f638fc7a343b9537f6369b6d6b55d8d0275afc35883d233b1e13f
test,img254_20211018_Kaizu_OkinaSP_1000x1000,recovered-from-local-data-fold1_yolo,0941e6c3b17f638fc7a343b9537f6369b6d6b55d8d0275afc35883d233b1e13f
test,img294_20211027_Yoro_Yumebutai_1000x1000,recovered-from-local-data-fold1_yolo,0941e6c3b17f638fc7a343b9537f6369b6d6b55d8d0275afc35883d233b1e13f
test,img296_20211027_Yoro_Yumebutai_1000x1000,recovered-from-local-data-fold1_yolo,0941e6c3b17f638fc7a343b9537f6369b6d6b55d8d0275afc35883d233b1e13f
test,img298_20211027_Yoro_Suiryoku_1000x1000,recovered-from-local-data-fold1_yolo,0941e6c3b17f638fc7a343b9537f6369b6d6b55d8d0275afc35883d233b1e13f
test,img302_20211027_Yoro_Yumebutai_1000x1000,recovered-from-local-data-fold1_yolo,0941e6c3b17f638fc7a343b9537f6369b6d6b55d8d0275afc35883d233b1e13f
test,img303_20211109_Kaizu_OkinaSP_1000x1000,recovered-from-local-data-fold1_yolo,0941e6c3b17f638fc7a343b9537f6369b6d6b55d8d0275afc35883d233b1e13f
test,img304_20211109_Kaizu_OkinaSP_1000x1000,recovered-from-local-data-fold1_yolo,0941e6c3b17f638fc7a343b9537f6369b6d6b55d8d0275afc35883d233b1e13f
test,img311_20211109_Sunomata_OkinaSP_1000x1000,recovered-from-local-data-fold1_yolo,0941e6c3b17f638fc7a343b9537f6369b6d6b55d8d0275afc35883d233b1e13f
test,img316_20211109_Sunomata_TCA422_1000x1000,recovered-from-local-data-fold1_yolo,0941e6c3b17f638fc7a343b9537f6369b6d6b55d8d0275afc35883d233b1e13f
test,img322_20211109_Yoro_OkinaSP_1000x1000,recovered-from-local-data-fold1_yolo,0941e6c3b17f638fc7a343b9537f6369b6d6b55d8d0275afc35883d233b1e13f
test,img333_20211114_Yoro_OkinaSP_1000x1000,recovered-from-local-data-fold1_yolo,0941e6c3b17f638fc7a343b9537f6369b6d6b55d8d0275afc35883d233b1e13f
test,img334_20211114_Yoro_OkinaSP_1000x1000,recovered-from-local-data-fold1_yolo,0941e6c3b17f638fc7a343b9537f6369b6d6b55d8d0275afc35883d233b1e13f
test,img335_20211114_Yoro_OkinaSP_1000x1000,recovered-from-local-data-fold1_yolo,0941e6c3b17f638fc7a343b9537f6369b6d6b55d8d0275afc35883d233b1e13f
test,img340_20211126_Sunomata_OkinaSP_1000x1000,recovered-from-local-data-fold1_yolo,0941e6c3b17f638fc7a343b9537f6369b6d6b55d8d0275afc35883d233b1e13f
test,img348_20220909_Yoro_Yumebutai_1000x1000,recovered-from-local-data-fold1_yolo,0941e6c3b17f638fc7a343b9537f6369b6d6b55d8d0275afc35883d233b1e13f
test,img352_20220909_Yoro_Suiryoku_1000x1000,recovered-from-local-data-fold1_yolo,0941e6c3b17f638fc7a343b9537f6369b6d6b55d8d0275afc35883d233b1e13f
test,img355_20220909_Yoro_OkinaSP_1000x1000,recovered-from-local-data-fold1_yolo,0941e6c3b17f638fc7a343b9537f6369b6d6b55d8d0275afc35883d233b1e13f
test,img357_20220909_Yoro_OkinaSP_1000x1000,recovered-from-local-data-fold1_yolo,0941e6c3b17f638fc7a343b9537f6369b6d6b55d8d0275afc35883d233b1e13f
test,img359_20220909_Yoro_OkinaSP_1000x1000,recovered-from-local-data-fold1_yolo,0941e6c3b17f638fc7a343b9537f6369b6d6b55d8d0275afc35883d233b1e13f
test,img379_20220926_Sunomata_OkinaSP_1000x1000,recovered-from-local-data-fold1_yolo,0941e6c3b17f638fc7a343b9537f6369b6d6b55d8d0275afc35883d233b1e13f
test,img385_20220926_Sunomata_OkinaSP_1000x1000,recovered-from-local-data-fold1_yolo,0941e6c3b17f638fc7a343b9537f6369b6d6b55d8d0275afc35883d233b1e13f
test,img386_20220926_Sunomata_OkinaSP_1000x1000,recovered-from-local-data-fold1_yolo,0941e6c3b17f638fc7a343b9537f6369b6d6b55d8d0275afc35883d233b1e13f
test,img389_20220926_Yoro_Suiryoku_1000x1000,recovered-from-local-data-fold1_yolo,0941e6c3b17f638fc7a343b9537f6369b6d6b55d8d0275afc35883d233b1e13f
test,img390_20220926_Yoro_OkinaSP_1000x1000,recovered-from-local-data-fold1_yolo,0941e6c3b17f638fc7a343b9537f6369b6d6b55d8d0275afc35883d233b1e13f
test,img392_20220926_Yoro_OkinaSP_1000x1000,recovered-from-local-data-fold1_yolo,0941e6c3b17f638fc7a343b9537f6369b6d6b55d8d0275afc35883d233b1e13f
test,img395_20220926_Yoro_Yumebutai_1000x1000,recovered-from-local-data-fold1_yolo,0941e6c3b17f638fc7a343b9537f6369b6d6b55d8d0275afc35883d233b1e13f
test,img398_20221020_Yoro_Yumebutai_1000x1000,recovered-from-local-data-fold1_yolo,0941e6c3b17f638fc7a343b9537f6369b6d6b55d8d0275afc35883d233b1e13f
test,img402_20221020_Yoro_Suiryoku_1000x1000,recovered-from-local-data-fold1_yolo,0941e6c3b17f638fc7a343b9537f6369b6d6b55d8d0275afc35883d233b1e13f
test,img404_20221020_Yoro_OkinaSP_1000x1000,recovered-from-local-data-fold1_yolo,0941e6c3b17f638fc7a343b9537f6369b6d6b55d8d0275afc35883d233b1e13f
test,img415_20221021_Sunomata_Yumegoromo_1000x1000,recovered-from-local-data-fold1_yolo,0941e6c3b17f638fc7a343b9537f6369b6d6b55d8d0275afc35883d233b1e13f
test,img417_20221021_Sunomata_OkinaSP_1000x1000,recovered-from-local-data-fold1_yolo,0941e6c3b17f638fc7a343b9537f6369b6d6b55d8d0275afc35883d233b1e13f
test,img423_20221104_Yoro_OkinaSP_1000x1000,recovered-from-local-data-fold1_yolo,0941e6c3b17f638fc7a343b9537f6369b6d6b55d8d0275afc35883d233b1e13f
test,img424_20221104_Yoro_OkinaSP_1000x1000,recovered-from-local-data-fold1_yolo,0941e6c3b17f638fc7a343b9537f6369b6d6b55d8d0275afc35883d233b1e13f
test,img428_20221121_Yoro_Yumebutai_1000x1000,recovered-from-local-data-fold1_yolo,0941e6c3b17f638fc7a343b9537f6369b6d6b55d8d0275afc35883d233b1e13f
test,img445_20221205_Sunomata_Yumegoromo_1000x1000,recovered-from-local-data-fold1_yolo,0941e6c3b17f638fc7a343b9537f6369b6d6b55d8d0275afc35883d233b1e13f
test,img450_20221207_Yoro_Yumebutai_1000x1000,recovered-from-local-data-fold1_yolo,0941e6c3b17f638fc7a343b9537f6369b6d6b55d8d0275afc35883d233b1e13f
test,img452_20221207_Yoro_Suiryoku_1000x1000,recovered-from-local-data-fold1_yolo,0941e6c3b17f638fc7a343b9537f6369b6d6b55d8d0275afc35883d233b1e13f
